-- phpMyAdmin SQL Dump
-- version 5.1.0
-- https://www.phpmyadmin.net/
--
-- Host: 127.0.0.1
-- Generation Time: Jul 02, 2021 at 09:38 AM
-- Server version: 10.4.19-MariaDB
-- PHP Version: 8.0.6

SET SQL_MODE = "NO_AUTO_VALUE_ON_ZERO";
START TRANSACTION;
SET time_zone = "+00:00";


/*!40101 SET @OLD_CHARACTER_SET_CLIENT=@@CHARACTER_SET_CLIENT */;
/*!40101 SET @OLD_CHARACTER_SET_RESULTS=@@CHARACTER_SET_RESULTS */;
/*!40101 SET @OLD_COLLATION_CONNECTION=@@COLLATION_CONNECTION */;
/*!40101 SET NAMES utf8mb4 */;

--
-- Database: `edeaccount`
--

-- --------------------------------------------------------

--
-- Table structure for table `addressbook`
--

CREATE TABLE `addressbook` (
  `addressId` varchar(10) NOT NULL,
  `contectName` varchar(50) NOT NULL,
  `companyName` varchar(50) NOT NULL,
  `addressLn1` varchar(50) NOT NULL,
  `addressLn2` varchar(50) NOT NULL,
  `addressLn3` varchar(50) NOT NULL,
  `postcode` varchar(20) NOT NULL,
  `phoneNo` varchar(20) NOT NULL,
  `faxNo` varchar(20) DEFAULT NULL,
  `accountID` varchar(12) NOT NULL,
  `region` varchar(20) NOT NULL,
  `telexNo` varchar(20) DEFAULT NULL
) ENGINE=InnoDB DEFAULT CHARSET=utf8mb4;

--
-- Dumping data for table `addressbook`
--

INSERT INTO `addressbook` (`addressId`, `contectName`, `companyName`, `addressLn1`, `addressLn2`, `addressLn3`, `postcode`, `phoneNo`, `faxNo`, `accountID`, `region`, `telexNo`) VALUES
('12', 'ng', 'asdsbbb', 'dasd', 'dsaasda', 'sdasad', '123', '123', '123', 'peteraaa333', '', NULL),
('13', 'ng', '213', '132213123', '312', '123123123', '123213', '123123', '123', 'peteraaa333', '', NULL),
('14', 'Ng', 'Mingbbbb', '12312', '213123123', '123123', '123213213', '123123', '213213213', 'peteraaa333', '', NULL),
('15', 'ng', 'ng', 'asddsa', 'dsaadadadadad', 'dada', '123', '123', '123', 'peteraaa333', '', NULL),
('16', 'Ng', 'Ming', '12312', '213123123', '123123', '123213213', '123123', '213213213', 'peteraaa333', '', NULL),
('17', 'Ngbcx', 'Ming', '12312', '213123123', '123123', '123213213', '123123', '213213213', 'peteraaa333', '', NULL),
('18', 'Ng', 'MingChak', '123', '123', '123', '213', '123', '123', 'peteraaa333', 'Japan', NULL),
('19', 'Ng', 'MingChak', '123', '123', '123', '213', '123', '123', 'peteraaa333', 'Japan', NULL),
('20', 'NG', 'minf', '123', '123', '123', '123', '123', '123', 'peteraaa333', 'Japan', NULL),
('22', 'NgMingChak', '123', '123', '123', '123', '123', '123', '12345678', 'c94366678', 'Australia', ''),
('25', 'NgMingChak', '', '123', '123', '123', '123', '123', '', 'c94366678', 'Australia', NULL),
('26', 'NgMingChak', '', '123', '123', '123', '123', '123', '', 'c94366678', 'Australia', NULL),
('27', 'NgMingChak', '', '123', '123', '213', '123', '123', '', 'c94366678', 'Australia', NULL),
('3', 'NgMingChak', '', '11f', 'street ', '123', '123', '123', '2345', 'peteraaa123', '', NULL),
('a115871265', 'Receiver', 'ReceiverCompany', 'Lineone', 'Lineone', 'Line3', '0000', '25698745', '', 'c861211927', 'Hong Kong', ''),
('a1289447', 'Ng', 'OK', '123231', '231231', '21321321', '123', '123', '', 'peter12345', 'Australia', ''),
('a204184364', 'Pickup', 'PickupCompany', 'Line1', 'Line2', 'Line3', '0000', '12345678', '', 'c838006610', 'Hong Kong', ''),
('a248867909', 'NG', 'FA', '123', '123123', '123123123', '123', '123', '12312312', 'c707487878', 'Hong Kong', '12312312'),
('a30699300', 'DestinationTwo', 'DestinationTwoCompany', 'Line1', 'Line2', 'Line3', '0000', '12345678', '', 'c838006610', 'Japan', ''),
('a329839655', 'ReceiverOne', 'CompanyTwo', 'CompanyTwoAddress3', 'CompanyTwoAddress2', 'CompanyTwoAddress1', '0000', '12346578', '', 'c778825698', 'Hong Kong', ''),
('a391486198', 'Pickup', 'CompanyOne', 'CompanyOneAddress1', 'CompanyOneAddress1', 'CompanyOneAddress3', '0000', '12345678', '', 'c778825698', 'China Shanghai', ''),
('a49007430', 'NgMingChak', 'EDE Compnay Limitead', '1234', '1234', '1234', '0000', '12345678', '', 'c94366678', 'Hong Kong', ''),
('a63492559', 'Receiver One', 'Receiver Company', 'Receiver Address Line 1', 'Receiver Address Line 2', 'Receiver Address Line 3', '0000', '12346578', '', 'c861843530', 'China Shanghai', ''),
('a669065898', 'TEST', 'TEST', 'TEST', 'TEST', 'TEST', '0000', '1234578', '', 'c861211927', 'Hong Kong', ''),
('a690062152', 'Destination', 'DestinationCompany', 'Line1', 'Line2', 'Line3', '0000', '12345678', '', 'c838006610', 'China Shanghai', ''),
('a708434905', 'Pickup', 'COMPANY1', 'LINEONE', 'LINEONE', 'Linthree', '0000', '12345678', '12345678', 'c861211927', 'Australia', ''),
('a718132333', 'Pickup One', 'Pickup Company', 'Pickup Address Line 1', 'Pickup Address Line 2', 'Pickup Address', '0000', '12345678', '12345678', 'c861843530', 'Australia', '12345678'),
('a724454291', 'asas', 'asas', 'asas', 'assa', 'assaas', '0000', '1234567', '12345678', 'c838006610', 'Japan', ''),
('a90568488', 'TEST', 'TEST02', 'TESTLine01', 'TESTLine01', 'TESTLine03', '0000', '12345678', '', 'c861211927', 'Hong Kong', '');

-- --------------------------------------------------------

--
-- Table structure for table `airwaybill`
--

CREATE TABLE `airwaybill` (
  `shippingNo` varchar(10) NOT NULL,
  `packageID` varchar(10) NOT NULL,
  `accID` varchar(10) NOT NULL,
  `shippingExpenses` double NOT NULL,
  `date` date NOT NULL,
  `service` varchar(255) NOT NULL,
  `length` double NOT NULL,
  `width` double NOT NULL,
  `height` double NOT NULL,
  `weight` double NOT NULL,
  `destinationTax` varchar(1) NOT NULL,
  `transportCharge` varchar(1) NOT NULL,
  `typeOfExport` varchar(1) NOT NULL
) ENGINE=InnoDB DEFAULT CHARSET=latin1;

--
-- Dumping data for table `airwaybill`
--

INSERT INTO `airwaybill` (`shippingNo`, `packageID`, `accID`, `shippingExpenses`, `date`, `service`, `length`, `width`, `height`, `weight`, `destinationTax`, `transportCharge`, `typeOfExport`) VALUES
('S174284132', 'P292788280', 'c861843530', 0, '2021-07-01', 'Package Express', 90, 20, 10, 300, '1', '1', '1'),
('S235899503', 'P257280876', 'c778825698', 0, '2021-06-28', 'Worldmail (Printed Master)', 30, 30, 3, 2, '1', '1', '1'),
('S867692256', 'P151187418', 'c778825698', 0, '2021-06-30', 'Document', 10, 10, 10, 1, '1', '1', '1'),
('S905513523', 'P596880050', 'c778825698', 0, '2021-06-28', 'Package Express', 10, 10, 10, 5, '1', '1', '1');

-- --------------------------------------------------------

--
-- Table structure for table `bookingorder`
--

CREATE TABLE `bookingorder` (
  `bookingID` varchar(10) NOT NULL,
  `accID` varchar(10) NOT NULL,
  `addrID` varchar(10) NOT NULL,
  `datetime` datetime NOT NULL,
  `serviceType` varchar(6) NOT NULL,
  `totalExpenses` double NOT NULL,
  `status` varchar(1) NOT NULL,
  `pickupDate` varchar(10) NOT NULL,
  `pickupTime` varchar(13) NOT NULL
) ENGINE=InnoDB DEFAULT CHARSET=utf8mb4;

--
-- Dumping data for table `bookingorder`
--

INSERT INTO `bookingorder` (`bookingID`, `accID`, `addrID`, `datetime`, `serviceType`, `totalExpenses`, `status`, `pickupDate`, `pickupTime`) VALUES
('B000000001', 'c778825698', 'a391486198', '2021-06-28 15:26:06', 'TEST', 0, '2', '2021-07-09', '14:00 - 18:00'),
('B331045536', 'c778825698', 'a391486198', '2021-06-28 15:26:06', 'Import', 0, '0', '2021-07-02', '14:00 - 18:00'),
('B395209362', 'c861843530', 'a718132333', '2021-07-01 19:11:08', 'Export', 0, '0', '2021-07-04', '10:00 - 14:00'),
('B651103373', 'c778825698', 'a391486198', '2021-07-02 11:23:31', 'Export', 0, '0', '2021-07-05', '14:00 - 18:00'),
('B933455213', 'c778825698', 'a391486198', '2021-07-01 16:18:06', 'Export', 0, '0', '2021-07-04', '14:00 - 18:00');

-- --------------------------------------------------------

--
-- Table structure for table `centre`
--

CREATE TABLE `centre` (
  `centreID` varchar(3) NOT NULL,
  `name` varchar(100) NOT NULL,
  `address` varchar(100) NOT NULL,
  `region` varchar(20) NOT NULL,
  `descr` varchar(200) DEFAULT NULL
) ENGINE=InnoDB DEFAULT CHARSET=utf8mb4;

--
-- Dumping data for table `centre`
--

INSERT INTO `centre` (`centreID`, `name`, `address`, `region`, `descr`) VALUES
('001', 'EDE company(Sha Tin)', '21 Yuen Wo Road Sha Tin, New Territories', 'Hong Kong', ''),
('002', 'EDE company(Tseung Kwan O)', '3 King Ling Road Tseung Kwan O, New Territories', 'Hong Kong', ''),
('003', 'EDE company(Japan)', ' 2 Chome-11-1 Ohashi, Meguro City, Tokyo 153-0044', 'Japan', ''),
('004', 'EDE company(Australia)', 't582/337 Canberra Ave, Fyshwick ACT 2609', 'Australia', ''),
('005', 'EDE company(China ShangHai)', '2000 Century Avenue, Pudong New Area, Shanghai', 'China', ''),
('006', 'adasdas', 'asdasd', 'Hong Kong', NULL),
('007', 'EDE company(Korea)', 'Korea', 'Japan', NULL);

-- --------------------------------------------------------

--
-- Table structure for table `commercialinvoice`
--

CREATE TABLE `commercialinvoice` (
  `invoiceID` varchar(10) NOT NULL,
  `accountID` varchar(10) NOT NULL,
  `packageID` varchar(10) NOT NULL,
  `totalValue` double NOT NULL,
  `creationDate` datetime NOT NULL
) ENGINE=InnoDB DEFAULT CHARSET=utf8mb4;

--
-- Dumping data for table `commercialinvoice`
--

INSERT INTO `commercialinvoice` (`invoiceID`, `accountID`, `packageID`, `totalValue`, `creationDate`) VALUES
('I000000002', 'c778825698', 'P596880050', 100, '2021-05-15 20:08:29'),
('I000000003', 'c778825698', 'P257280876', 200, '2021-05-29 20:09:34'),
('I166279301', 'c778825698', 'P151187418', 38376, '2021-06-29 19:27:43'),
('I356779823', 'c861843530', 'P292788280', 749850, '2021-07-01 19:32:50');

-- --------------------------------------------------------

--
-- Table structure for table `consolidatemonthlyinvoice`
--

CREATE TABLE `consolidatemonthlyinvoice` (
  `invoiceID` varchar(10) NOT NULL,
  `accountID` varchar(10) NOT NULL,
  `value` double NOT NULL,
  `startDate` datetime NOT NULL,
  `endDate` datetime NOT NULL,
  `isPay` int(11) NOT NULL
) ENGINE=InnoDB DEFAULT CHARSET=utf8mb4;

--
-- Dumping data for table `consolidatemonthlyinvoice`
--

INSERT INTO `consolidatemonthlyinvoice` (`invoiceID`, `accountID`, `value`, `startDate`, `endDate`, `isPay`) VALUES
('I000000001', 'c778825698', 20, '2021-06-29 11:46:56', '2021-06-29 11:46:56', 1),
('I000000002', 'c778825698', 300, '2021-06-29 11:46:56', '2021-06-29 11:46:56', 1),
('M623567091', 'c778825698', 200, '2021-05-01 00:00:00', '2021-05-28 00:00:00', 0);

-- --------------------------------------------------------

--
-- Table structure for table `creditcard`
--

CREATE TABLE `creditcard` (
  `cardID` varchar(10) NOT NULL,
  `accountID` varchar(10) NOT NULL,
  `cardNo` varchar(19) NOT NULL,
  `cardType` varchar(10) NOT NULL,
  `expiryDate` datetime NOT NULL,
  `holderName` varchar(50) NOT NULL
) ENGINE=InnoDB DEFAULT CHARSET=utf8mb4;

--
-- Dumping data for table `creditcard`
--

INSERT INTO `creditcard` (`cardID`, `accountID`, `cardNo`, `cardType`, `expiryDate`, `holderName`) VALUES
('cardID6333', 'c778825698', '1234123412341235', 'Visa', '2025-08-01 00:00:00', 'Matthew'),
('cardID6785', 'c778825698', '1234123412341234', 'Master', '2022-09-01 00:00:00', 'Matthew Tsoi');

-- --------------------------------------------------------

--
-- Table structure for table `customer`
--

CREATE TABLE `customer` (
  `accountID` varchar(12) NOT NULL,
  `firstName` varchar(50) NOT NULL,
  `lastName` varchar(50) NOT NULL,
  `email` varchar(100) NOT NULL,
  `phoneNo` varchar(20) NOT NULL,
  `password` varchar(20) NOT NULL,
  `status` int(11) NOT NULL,
  `credibility` int(11) NOT NULL,
  `creationDate` datetime NOT NULL
) ENGINE=InnoDB DEFAULT CHARSET=utf8mb4;

--
-- Dumping data for table `customer`
--

INSERT INTO `customer` (`accountID`, `firstName`, `lastName`, `email`, `phoneNo`, `password`, `status`, `credibility`, `creationDate`) VALUES
('c778825698', 'Customer', 'Two', 'cus02@gmail.com', '85212345678', 'As102030!', 1, 100, '2021-03-17 16:33:01'),
('c861843530', 'Man Wai', 'Tsoi', 'tmw9151@gmail.com', '85291510299', 'Sa123456!', 1, 100, '0001-01-01 00:00:00');

-- --------------------------------------------------------

--
-- Table structure for table `importinvoice`
--

CREATE TABLE `importinvoice` (
  `invoiceID` varchar(10) NOT NULL,
  `accountID` varchar(10) NOT NULL,
  `bookingID` varchar(10) NOT NULL,
  `pickupAddrID` varchar(10) NOT NULL,
  `recevierAddrID` varchar(10) NOT NULL,
  `totalValue` double NOT NULL,
  `creationDate` datetime NOT NULL
) ENGINE=InnoDB DEFAULT CHARSET=utf8mb4;

--
-- Dumping data for table `importinvoice`
--

INSERT INTO `importinvoice` (`invoiceID`, `accountID`, `bookingID`, `pickupAddrID`, `recevierAddrID`, `totalValue`, `creationDate`) VALUES
('I929403349', 'c778825698', 'B331045536', 'a391486198', 'a329839655', 280, '2021-06-30 00:18:31');

-- --------------------------------------------------------

--
-- Table structure for table `jobtitle`
--

CREATE TABLE `jobtitle` (
  `jobID` int(3) NOT NULL,
  `jobName` varchar(50) NOT NULL
) ENGINE=InnoDB DEFAULT CHARSET=utf8mb4;

--
-- Dumping data for table `jobtitle`
--

INSERT INTO `jobtitle` (`jobID`, `jobName`) VALUES
(0, 'BookingClerk'),
(1, 'ShippingClerk'),
(2, 'AccountingClerk'),
(3, 'ManagingDirector'),
(4, 'CustomerServiceOfficer'),
(5, 'SystemAdministrator');

-- --------------------------------------------------------

--
-- Table structure for table `log`
--

CREATE TABLE `log` (
  `accountID` varchar(10) NOT NULL,
  `actionPerformed` varchar(100) NOT NULL,
  `logID` int(11) NOT NULL,
  `times` datetime DEFAULT NULL,
  `ipAddress` varchar(50) NOT NULL
) ENGINE=InnoDB DEFAULT CHARSET=utf8mb4;

--
-- Dumping data for table `log`
--

INSERT INTO `log` (`accountID`, `actionPerformed`, `logID`, `times`, `ipAddress`) VALUES
('peteraaa33', 'login', 2, '2021-05-27 20:44:17', '25.46.2.130'),
('peterjai1', 'login', 3, '2021-05-29 17:19:20', '25.46.2.130'),
('peteraaa33', 'login', 4, '2021-05-30 01:05:44', '25.46.2.130'),
('peter1234', 'login(Staff)', 9, '2021-05-30 15:34:26', '25.46.2.130'),
('peter1234', 'login(Staff)', 13, '2021-05-30 15:36:50', '25.46.2.130'),
('peter1234', 'login(Staff)', 15, '2021-05-30 15:38:10', '25.46.2.130'),
('peteraaa33', 'peteraaa333 reset the password ', 20, '2021-05-30 16:12:35', ''),
('peteraaa33', 'peteraaa333 reset the password ', 22, '2021-05-30 16:14:20', ''),
('peteraaa33', 'yuk2269@yahoo.com.hk got reset password code ', 23, '2021-05-30 16:16:07', '25.46.2.130'),
('peter1234', 'login(Staff)', 24, '2021-05-30 20:06:53', '25.46.2.130'),
('peter1234', 'login(Staff)', 25, '2021-05-31 20:19:57', '25.46.2.130'),
('peteraaa33', 'login', 26, '2021-05-31 23:13:20', '25.46.2.130'),
('peteraaa33', 'login', 27, '2021-05-31 23:17:44', '25.46.2.130'),
('peteraaa33', 'login', 28, '2021-05-31 23:19:16', '25.46.2.130'),
('peteraaa33', 'login', 30, '2021-05-31 23:22:31', '25.46.2.130'),
('peteraaa33', 'login', 31, '2021-05-31 23:22:57', '25.46.2.130'),
('peter12345', 'peter1234567 has been register to be a new user', 32, '2021-06-01 10:32:34', '25.46.2.130'),
('Peter', 'yuk226817@gmail.com send a contact email to us ', 33, '2021-06-01 20:15:46', ''),
('peter', 'yuk2269@gmail.com send a contact email to us ', 34, '2021-06-01 20:21:22', ''),
('peter', 'yuk226817@gmail.com send a contact email to us ', 35, '2021-06-01 20:27:14', ''),
('peter', 'yuk226817@gmail.com send a contact email to us ', 36, '2021-06-01 20:31:26', ''),
('peteraaa33', 'login', 37, '2021-06-02 15:02:40', '25.46.2.130'),
('peteraaa33', 'login', 38, '2021-06-02 15:03:58', '25.46.2.130'),
('peteraaa33', 'login', 39, '2021-06-02 15:20:05', '25.46.2.130'),
('peteraaa33', 'login', 40, '2021-06-02 15:23:08', '25.46.2.130'),
('peter1234', 'login(Staff)', 41, '2021-06-02 15:33:22', '25.46.2.130'),
('peter1234', 'login(Staff)', 42, '2021-06-02 15:35:18', '25.46.2.130'),
('peter1234', 'login(Staff)', 43, '2021-06-02 15:35:49', '25.46.2.130'),
('peter1234', 'login(Staff)', 44, '2021-06-02 15:36:20', '25.46.2.130'),
('peteraaa12', 'login', 45, '2021-06-02 15:36:37', '25.46.2.130'),
('peteraaa33', 'login', 46, '2021-06-02 15:38:49', '25.46.2.130'),
('peteraaa33', 'login', 47, '2021-06-02 15:40:08', '25.46.2.130'),
('peteraaa33', 'login', 48, '2021-06-02 15:52:26', '25.46.2.130'),
('peteraaa33', 'login', 49, '2021-06-02 15:54:12', '25.46.2.130'),
('peteraaa33', 'login', 50, '2021-06-02 15:54:49', '25.46.2.130'),
('peteraaa33', 'login', 51, '2021-06-02 16:12:51', '25.46.2.130'),
('peteraaa33', 'login', 52, '2021-06-02 16:13:57', '25.46.2.130'),
('peteraaa33', 'login', 53, '2021-06-02 16:15:04', '25.46.2.130'),
('peteraaa33', 'login', 54, '2021-06-02 17:19:48', '25.46.2.130'),
('peter1234', 'login(Staff)', 55, '2021-06-02 17:20:09', '25.46.2.130'),
('peter1234', 'login(Staff)', 56, '2021-06-02 17:21:20', '25.46.2.130'),
('peteraaa33', 'login', 57, '2021-06-02 17:25:38', '25.46.2.130'),
('peteraaa33', 'login', 58, '2021-06-02 17:26:45', '25.46.2.130'),
('peter1234', 'login(Staff)', 59, '2021-06-02 17:28:06', '25.46.2.130'),
('peter1234', 'Edit customer account (peter1234567) information', 60, '2021-06-02 17:28:32', '25.46.2.130'),
('peter1234', 'Freeze customer account (peter1234567) information', 61, '2021-06-02 17:28:47', '25.46.2.130'),
('peter5555', 'login(Staff)', 62, '2021-06-02 17:34:16', '25.46.2.130'),
('peter5555', 'login(Staff)', 63, '2021-06-02 17:36:50', '25.46.2.130'),
('peter5555', 'login(Staff)', 64, '2021-06-02 17:37:35', '25.46.2.130'),
('peteraaa33', 'login', 65, '2021-06-02 19:57:38', '25.46.2.130'),
('c94366678', 'c94366678 has been register to be a new user', 66, '2021-06-03 09:17:50', '25.46.2.130'),
('c94366678', 'login', 67, '2021-06-03 09:20:33', '25.46.2.130'),
('c94366678', 'login', 68, '2021-06-03 09:34:25', '25.46.2.130'),
('c94366678', 'login', 69, '2021-06-03 09:35:35', '25.46.2.130'),
('c94366678', 'login', 70, '2021-06-03 09:37:09', '25.46.2.130'),
('c94366678', 'login', 71, '2021-06-03 09:55:46', '25.46.2.130'),
('peter5555', 'login(Staff)', 72, '2021-06-03 14:24:07', '25.46.2.130'),
('peter5555', 'login(Staff)', 73, '2021-06-03 14:26:12', '25.46.2.130'),
('peter5555', 'login(Staff)', 74, '2021-06-03 14:26:43', '25.46.2.130'),
('peter5555', 'login(Staff)', 75, '2021-06-03 15:17:17', '25.46.2.130'),
('peter5555', 'login(Staff)', 76, '2021-06-03 15:18:26', '25.46.2.130'),
('peter5555', 'login(Staff)', 77, '2021-06-03 15:19:49', '25.46.2.130'),
('peter5555', 'login(Staff)', 78, '2021-06-03 15:48:26', '25.46.2.130'),
('peter5555', 'login(Staff)', 79, '2021-06-03 15:49:40', '25.46.2.130'),
('peter5555', 'login(Staff)', 80, '2021-06-03 15:54:00', '25.46.2.130'),
('peter5555', 'peter5555 has been create a new staff account', 81, '2021-06-03 15:54:47', '25.46.2.130'),
('peter5555', 'login(Staff)', 82, '2021-06-03 16:36:34', '25.46.2.130'),
('peter5555', 'login(Staff)', 83, '2021-06-03 16:48:47', '25.46.2.130'),
('peter5555', 'login(Staff)', 84, '2021-06-03 17:21:09', '25.46.2.130'),
('peter5555', 'login(Staff)', 85, '2021-06-03 17:24:28', '25.46.2.130'),
('peter5555', 'login(Staff)', 86, '2021-06-03 17:27:40', '25.46.2.130'),
('peter5555', 'login(Staff)', 87, '2021-06-03 17:32:42', '25.46.2.130'),
('peter5555', 'login(Staff)', 88, '2021-06-03 17:40:45', '25.46.2.130'),
('peter5555', 'login(Staff)', 89, '2021-06-03 17:41:56', '25.46.2.130'),
('peter5555', 'login(Staff)', 90, '2021-06-03 17:46:05', '25.46.2.130'),
('peter5555', 'login(Staff)', 91, '2021-06-03 17:47:49', '25.46.2.130'),
('peter5555', 'login(Staff)', 92, '2021-06-03 17:55:28', '25.46.2.130'),
('peter5555', 'login(Staff)', 93, '2021-06-03 18:07:46', '25.46.2.130'),
('peter5555', 'login(Staff)', 94, '2021-06-03 18:09:47', '25.46.2.130'),
('peter5555', 'login(Staff)', 95, '2021-06-03 18:10:47', '25.46.2.130'),
('peter5555', 'login(Staff)', 96, '2021-06-03 18:14:06', '25.46.2.130'),
('peter5555', 'login(Staff)', 97, '2021-06-03 18:14:48', '25.46.2.130'),
('peter5555', 'login(Staff)', 98, '2021-06-03 18:16:42', '25.46.2.130'),
('peter5555', 'login(Staff)', 99, '2021-06-03 18:35:41', '25.46.2.130'),
('peter5555', 'Edit staff account (s726072459) information', 100, '2021-06-03 18:36:32', '25.46.2.130'),
('peter5555', 'Edit staff account (s726072459) information', 101, '2021-06-03 18:37:02', '25.46.2.130'),
('peter5555', 'Edit staff account (s726072459) information', 102, '2021-06-03 18:37:37', '25.46.2.130'),
('peter5555', 'login(Staff)', 103, '2021-06-03 18:43:31', '25.46.2.130'),
('peter5555', 'Edit staff account (s726072459) information', 104, '2021-06-03 18:43:51', '25.46.2.130'),
('peter5555', 'login(Staff)', 105, '2021-06-03 19:38:00', '25.46.2.130'),
('c94366678', 'login', 106, '2021-06-03 19:38:30', '25.46.2.130'),
('c94366678', 'login', 107, '2021-06-03 19:39:57', '25.46.2.130'),
('c94366678', 'login', 108, '2021-06-03 19:45:10', '25.46.2.130'),
('c94366678', 'login', 109, '2021-06-03 20:00:22', '25.46.2.130'),
('c94366678', 'login', 110, '2021-06-03 20:03:53', '25.46.2.130'),
('c94366678', 'login', 111, '2021-06-03 20:05:20', '25.46.2.130'),
('c94366678', 'login', 112, '2021-06-03 20:07:38', '25.46.2.130'),
('c94366678', 'login', 113, '2021-06-03 20:13:18', '25.46.2.130'),
('c94366678', 'login', 114, '2021-06-03 20:16:22', '25.46.2.130'),
('c94366678', 'login', 115, '2021-06-03 20:19:07', '25.46.2.130'),
('c94366678', 'login', 116, '2021-06-03 20:19:43', '25.46.2.130'),
('c94366678', 'login', 117, '2021-06-03 20:21:28', '25.46.2.130'),
('c94366678', 'login', 118, '2021-06-03 21:41:54', '25.46.2.130'),
('c94366678', 'login', 119, '2021-06-03 21:50:55', '25.46.2.130'),
('c94366678', 'login', 120, '2021-06-03 22:03:58', '25.46.2.130'),
('c94366678', 'login', 121, '2021-06-03 22:04:50', '25.46.2.130'),
('c94366678', 'login', 122, '2021-06-03 22:10:27', '25.46.2.130'),
('c94366678', 'login', 123, '2021-06-03 22:11:04', '25.46.2.130'),
('c94366678', 'login', 124, '2021-06-03 22:12:52', '25.46.2.130'),
('c94366678', 'login', 125, '2021-06-03 22:14:44', '25.46.2.130'),
('c94366678', 'login', 126, '2021-06-03 22:17:29', '25.46.2.130'),
('c94366678', 'login', 127, '2021-06-03 22:18:27', '25.46.2.130'),
('c94366678', 'login', 128, '2021-06-03 22:34:02', '25.46.2.130'),
('c94366678', 'login', 129, '2021-06-03 22:36:52', '25.46.2.130'),
('c94366678', 'login', 130, '2021-06-03 22:58:53', '25.46.2.130'),
('c94366678', 'login', 131, '2021-06-03 23:02:42', '25.46.2.130'),
('c94366678', 'login', 132, '2021-06-03 23:05:35', '25.46.2.130'),
('c94366678', 'login', 133, '2021-06-03 23:06:51', '25.46.2.130'),
('c94366678', 'login', 134, '2021-06-03 23:09:17', '25.46.2.130'),
('c94366678', 'login', 135, '2021-06-03 23:16:50', '25.46.2.130'),
('c94366678', 'login', 136, '2021-06-03 23:18:28', '25.46.2.130'),
('c94366678', 'login', 137, '2021-06-03 23:20:30', '25.46.2.130'),
('c94366678', 'login', 138, '2021-06-03 23:22:13', '25.46.2.130'),
('c94366678', 'login', 139, '2021-06-03 23:24:04', '25.46.2.130'),
('c94366678', 'login', 140, '2021-06-03 23:35:39', '25.46.2.130'),
('c94366678', 'login', 141, '2021-06-03 23:36:42', '25.46.2.130'),
('c94366678', 'login', 142, '2021-06-03 23:38:37', '25.46.2.130'),
('c94366678', 'login', 143, '2021-06-03 23:40:32', '25.46.2.130'),
('c94366678', 'login', 144, '2021-06-03 23:41:56', '25.46.2.130'),
('c94366678', 'login', 145, '2021-06-03 23:52:12', '25.46.2.130'),
('c94366678', 'Do Payment', 146, '2021-06-03 23:52:49', '25.46.2.130'),
('c94366678', 'login', 147, '2021-06-03 23:55:00', '25.46.2.130'),
('c94366678', 'login', 148, '2021-06-04 00:15:52', '25.46.2.130'),
('c94366678', 'Do Payment', 149, '2021-06-04 00:16:24', '25.46.2.130'),
('c94366678', 'login', 150, '2021-06-04 00:18:30', '25.46.2.130'),
('c94366678', 'login', 151, '2021-06-04 00:19:35', '25.46.2.130'),
('c94366678', 'login', 152, '2021-06-04 00:20:14', '25.46.2.130'),
('c94366678', 'Do Payment', 153, '2021-06-04 00:20:42', '25.46.2.130'),
('c94366678', 'login', 154, '2021-06-04 00:21:40', '25.46.2.130'),
('c94366678', 'Do Payment', 155, '2021-06-04 00:22:06', '25.46.2.130'),
('c94366678', 'login', 156, '2021-06-04 00:23:42', '25.46.2.130'),
('c94366678', 'Do Payment', 157, '2021-06-04 00:24:26', '25.46.2.130'),
('c94366678', 'login', 158, '2021-06-04 00:25:28', '25.46.2.130'),
('c94366678', 'Do Payment', 159, '2021-06-04 00:25:48', '25.46.2.130'),
('c94366678', 'login', 160, '2021-06-04 00:27:09', '25.46.2.130'),
('c94366678', 'Do Payment', 161, '2021-06-04 00:27:42', '25.46.2.130'),
('c94366678', 'login', 162, '2021-06-04 00:29:36', '25.46.2.130'),
('c94366678', 'Do Payment', 163, '2021-06-04 00:29:58', '25.46.2.130'),
('c94366678', 'login', 164, '2021-06-04 00:42:06', '25.46.2.130'),
('c94366678', 'Do Payment', 165, '2021-06-04 00:42:31', '25.46.2.130'),
('c94366678', 'login', 166, '2021-06-04 00:44:10', '25.46.2.130'),
('c94366678', 'Do Payment', 167, '2021-06-04 00:44:27', '25.46.2.130'),
('c94366678', 'login', 168, '2021-06-04 00:54:50', '25.46.2.130'),
('c94366678', 'login', 169, '2021-06-04 01:06:23', '25.46.2.130'),
('c94366678', 'Do Payment', 170, '2021-06-04 01:06:52', '25.46.2.130'),
('c94366678', 'login', 171, '2021-06-04 01:17:14', '25.46.2.130'),
('c94366678', 'Do Payment', 172, '2021-06-04 01:17:41', '25.46.2.130'),
('c94366678', 'login', 173, '2021-06-04 01:20:41', '25.46.2.130'),
('c94366678', 'Do Payment', 174, '2021-06-04 01:21:02', '25.46.2.130'),
('c94366678', 'login', 175, '2021-06-04 01:22:53', '25.46.2.130'),
('c94366678', 'Do Payment', 176, '2021-06-04 01:23:26', '25.46.2.130'),
('c94366678', 'login', 177, '2021-06-04 01:24:56', '25.46.2.130'),
('c94366678', 'Do Payment', 178, '2021-06-04 01:25:19', '25.46.2.130'),
('c94366678', 'login', 179, '2021-06-04 01:34:31', '25.46.2.130'),
('c94366678', 'Do Payment', 180, '2021-06-04 01:35:09', '25.46.2.130'),
('c94366678', 'login', 181, '2021-06-04 12:11:07', '25.46.2.130'),
('c94366678', 'login', 182, '2021-06-04 12:13:44', '25.46.2.130'),
('c94366678', 'Do Payment', 183, '2021-06-04 12:14:46', '25.46.2.130'),
('NgMingChak', 'yuk2269@gmail.com send a contact email to us ', 184, '2021-06-04 12:42:00', '25.46.2.130'),
('c94366678', 'login', 185, '2021-06-04 14:39:02', '25.46.2.130'),
('c94366678', 'login', 186, '2021-06-04 14:55:28', '25.46.2.130'),
('c94366678', 'login', 187, '2021-06-04 14:57:43', '25.46.2.130'),
('c94366678', 'login', 188, '2021-06-04 15:05:22', '25.46.2.130'),
('c94366678', 'login', 189, '2021-06-04 15:12:31', '25.46.2.130'),
('c94366678', 'login', 190, '2021-06-04 15:17:43', '25.46.2.130'),
('c94366678', 'login', 191, '2021-06-04 15:18:53', '25.46.2.130'),
('c94366678', 'login', 192, '2021-06-04 15:25:41', '25.46.2.130'),
('c94366678', 'login', 193, '2021-06-04 15:28:03', '25.46.2.130'),
('c94366678', 'login', 194, '2021-06-04 15:29:04', '25.46.2.130'),
('c94366678', 'login', 195, '2021-06-04 15:30:00', '25.46.2.130'),
('c94366678', 'login', 196, '2021-06-04 15:31:48', '25.46.2.130'),
('c94366678', 'login', 197, '2021-06-04 15:32:28', '25.46.2.130'),
('c94366678', 'login', 198, '2021-06-04 15:48:39', '25.46.2.130'),
('c94366678', 'login', 199, '2021-06-04 15:52:50', '25.46.2.130'),
('c94366678', 'login', 200, '2021-06-04 16:14:26', '25.46.2.130'),
('c94366678', 'login', 201, '2021-06-04 16:18:42', '25.46.2.130'),
('c94366678', 'login', 202, '2021-06-04 16:22:35', '25.46.2.130'),
('c94366678', 'login', 203, '2021-06-04 16:24:52', '25.46.2.130'),
('c94366678', 'login', 204, '2021-06-04 16:27:04', '25.46.2.130'),
('c94366678', 'login', 205, '2021-06-04 16:31:14', '25.46.2.130'),
('c94366678', 'login', 206, '2021-06-04 16:43:45', '25.46.2.130'),
('c94366678', 'login', 207, '2021-06-04 16:46:05', '25.46.2.130'),
('c94366678', 'login', 208, '2021-06-04 16:48:49', '25.46.2.130'),
('c94366678', 'login', 209, '2021-06-04 16:49:17', '25.46.2.130'),
('c94366678', 'login', 210, '2021-06-04 16:50:22', '25.46.2.130'),
('c94366678', 'login', 211, '2021-06-04 16:50:48', '25.46.2.130'),
('peteraaa33', 'login', 212, '2021-06-04 17:11:57', '25.46.2.130'),
('peteraaa33', 'login', 213, '2021-06-04 17:13:04', '25.46.2.130'),
('peteraaa33', 'login', 214, '2021-06-04 17:17:18', '25.46.2.130'),
('c94366678', 'login', 215, '2021-06-04 17:34:58', '25.46.2.130'),
('c94366678', 'login', 216, '2021-06-04 17:37:03', '25.46.2.130'),
('c94366678', 'login', 217, '2021-06-04 17:39:19', '25.46.2.130'),
('c94366678', 'login', 218, '2021-06-04 17:40:46', '25.46.2.130'),
('c94366678', 'login', 219, '2021-06-04 17:46:37', '25.46.2.130'),
('c94366678', 'login', 220, '2021-06-04 17:47:37', '25.46.2.130'),
('c94366678', 'login', 221, '2021-06-04 17:48:09', '25.46.2.130'),
('c94366678', 'login', 222, '2021-06-04 17:51:39', '25.46.2.130'),
('c94366678', 'login', 223, '2021-06-04 17:52:27', '25.46.2.130'),
('c94366678', 'login', 224, '2021-06-04 17:58:31', '25.46.2.130'),
('c94366678', 'login', 225, '2021-06-04 18:03:22', '25.46.2.130'),
('c94366678', 'login', 226, '2021-06-04 18:05:25', '25.46.2.130'),
('c94366678', 'login', 227, '2021-06-04 19:01:13', '25.46.2.130'),
('c94366678', 'login', 228, '2021-06-04 19:02:50', '25.46.2.130'),
('c94366678', 'login', 229, '2021-06-04 19:23:42', '25.46.2.130'),
('c94366678', 'login', 230, '2021-06-04 19:38:29', '25.46.2.130'),
('c94366678', 'login', 231, '2021-06-04 19:40:53', '25.46.2.130'),
('c94366678', 'login', 232, '2021-06-04 19:41:57', '25.46.2.130'),
('c94366678', 'login', 233, '2021-06-04 19:43:00', '25.46.2.130'),
('c94366678', 'login', 234, '2021-06-04 19:53:44', '25.46.2.130'),
('c94366678', 'login', 235, '2021-06-04 20:00:29', '25.46.2.130'),
('c94366678', 'login', 236, '2021-06-04 20:02:54', '25.46.2.130'),
('c94366678', 'login', 237, '2021-06-04 20:07:00', '25.46.2.130'),
('c94366678', 'login', 238, '2021-06-04 20:16:28', '25.46.2.130'),
('c94366678', 'login', 239, '2021-06-04 20:19:21', '25.46.2.130'),
('c94366678', 'login', 240, '2021-06-04 20:33:00', '25.46.2.130'),
('c94366678', 'Do Payment', 241, '2021-06-04 20:33:25', '25.46.2.130'),
('c94366678', 'login', 242, '2021-06-04 20:34:57', '25.46.2.130'),
('c94366678', 'login', 243, '2021-06-04 20:37:43', '25.46.2.130'),
('c94366678', 'login', 244, '2021-06-04 20:41:30', '25.46.2.130'),
('c94366678', 'login', 245, '2021-06-04 20:45:48', '25.46.2.130'),
('c94366678', 'login', 246, '2021-06-04 20:53:27', '25.46.2.130'),
('c94366678', 'Do Payment', 247, '2021-06-04 20:54:38', '25.46.2.130'),
('c94366678', 'login', 248, '2021-06-04 21:02:26', '25.46.2.130'),
('c94366678', 'Do Payment', 249, '2021-06-04 21:02:36', '25.46.2.130'),
('c94366678', 'Do Payment', 250, '2021-06-04 21:03:07', '25.46.2.130'),
('c94366678', 'login', 251, '2021-06-05 10:58:22', '25.46.2.130'),
('c94366678', 'login', 252, '2021-06-05 11:27:36', '25.46.2.130'),
('c94366678', 'login', 253, '2021-06-05 11:36:21', '25.46.2.130'),
('c94366678', 'login', 254, '2021-06-05 11:38:18', '25.46.2.130'),
('c94366678', 'login', 255, '2021-06-05 12:05:04', '25.46.2.130'),
('c94366678', 'login', 256, '2021-06-05 12:19:38', '25.46.2.130'),
('c94366678', 'login', 257, '2021-06-05 12:26:20', '25.46.2.130'),
('c94366678', 'login', 258, '2021-06-05 12:28:45', '25.46.2.130'),
('c94366678', 'Do Payment', 259, '2021-06-05 12:29:11', '25.46.2.130'),
('c94366678', 'login', 260, '2021-06-05 12:47:47', '25.46.2.130'),
('c94366678', 'login', 261, '2021-06-05 13:30:56', '25.46.2.130'),
('c94366678', 'login', 262, '2021-06-05 13:36:31', '25.46.2.130'),
('c94366678', 'login', 263, '2021-06-05 13:38:00', '25.46.2.130'),
('c94366678', 'login', 264, '2021-06-05 13:41:39', '25.46.2.130'),
('c94366678', 'login', 265, '2021-06-05 13:46:59', '25.46.2.130'),
('c94366678', 'login', 266, '2021-06-05 13:50:01', '25.46.2.130'),
('c94366678', 'login', 267, '2021-06-05 13:56:19', '25.46.2.130'),
('c94366678', 'login', 268, '2021-06-05 13:58:16', '25.46.2.130'),
('c94366678', 'login', 269, '2021-06-05 14:02:40', '25.46.2.130'),
('c94366678', 'login', 270, '2021-06-05 14:09:54', '25.46.2.130'),
('c94366678', 'login', 271, '2021-06-05 14:11:01', '25.46.2.130'),
('c94366678', 'login', 272, '2021-06-05 14:13:38', '25.46.2.130'),
('c94366678', 'login', 273, '2021-06-05 14:15:52', '25.46.2.130'),
('c94366678', 'login', 274, '2021-06-05 14:22:49', '25.46.2.130'),
('c94366678', 'login', 275, '2021-06-05 14:37:52', '25.46.2.130'),
('c94366678', 'login', 276, '2021-06-05 14:40:13', '25.46.2.130'),
('c94366678', 'login', 277, '2021-06-05 14:42:22', '25.46.2.130'),
('c94366678', 'login', 278, '2021-06-05 14:43:17', '25.46.2.130'),
('c94366678', 'login', 279, '2021-06-05 14:45:54', '25.46.2.130'),
('c94366678', 'login', 280, '2021-06-05 14:47:24', '25.46.2.130'),
('c94366678', 'login', 281, '2021-06-05 14:48:26', '25.46.2.130'),
('c94366678', 'login', 282, '2021-06-05 14:52:26', '25.46.2.130'),
('c94366678', 'login', 283, '2021-06-05 14:52:59', '25.46.2.130'),
('c94366678', 'login', 284, '2021-06-05 19:58:57', '25.46.2.130'),
('c94366678', 'login', 285, '2021-06-05 20:02:51', '25.46.2.130'),
('c94366678', 'login', 286, '2021-06-07 21:59:05', '25.46.2.130'),
('c94366678', 'login', 287, '2021-06-07 22:01:02', '25.46.2.130'),
('c94366678', 'login', 288, '2021-06-07 22:05:01', '25.46.2.130'),
('c94366678', 'login', 289, '2021-06-07 22:07:42', '25.46.2.130'),
('c94366678', 'login', 290, '2021-06-07 22:10:18', '25.46.2.130'),
('c94366678', 'login', 291, '2021-06-07 22:14:15', '25.46.2.130'),
('c94366678', 'login', 292, '2021-06-07 22:16:07', '25.46.2.130'),
('c94366678', 'login', 293, '2021-06-07 22:17:10', '25.46.2.130'),
('c94366678', 'login', 294, '2021-06-07 22:18:02', '25.46.2.130'),
('c94366678', 'login', 295, '2021-06-07 22:19:47', '25.46.2.130'),
('c94366678', 'login', 296, '2021-06-07 22:21:48', '25.46.2.130'),
('c94366678', 'login', 297, '2021-06-07 22:24:10', '25.46.2.130'),
('c94366678', 'login', 298, '2021-06-07 22:25:34', '25.46.2.130'),
('c94366678', 'login', 299, '2021-06-07 22:26:12', '25.46.2.130'),
('c94366678', 'login', 300, '2021-06-07 22:26:48', '25.46.2.130'),
('c94366678', 'login', 301, '2021-06-07 22:28:27', '25.46.2.130'),
('c94366678', 'login', 302, '2021-06-07 22:32:33', '25.46.2.130'),
('c94366678', 'login', 303, '2021-06-07 22:45:58', '25.46.2.130'),
('c94366678', 'login', 304, '2021-06-07 22:50:37', '25.46.2.130'),
('c94366678', 'login', 305, '2021-06-07 22:51:16', '25.46.2.130'),
('c94366678', 'login', 306, '2021-06-07 23:05:28', '25.46.2.130'),
('c94366678', 'login', 307, '2021-06-07 23:06:11', '25.46.2.130'),
('c94366678', 'login', 308, '2021-06-07 23:07:10', '25.46.2.130'),
('c94366678', 'login', 309, '2021-06-07 23:07:43', '25.46.2.130'),
('c94366678', 'login', 310, '2021-06-07 23:13:33', '25.46.2.130'),
('c94366678', 'login', 311, '2021-06-07 23:14:21', '25.46.2.130'),
('c94366678', 'login', 312, '2021-06-07 23:25:33', '25.46.2.130'),
('c94366678', 'login', 313, '2021-06-07 23:35:16', '25.46.2.130'),
('c94366678', 'login', 314, '2021-06-07 23:45:57', '25.46.2.130'),
('c94366678', 'login', 315, '2021-06-07 23:54:47', '25.46.2.130'),
('c94366678', 'login', 316, '2021-06-07 23:57:30', '25.46.2.130'),
('c94366678', 'login', 317, '2021-06-08 00:02:43', '25.46.2.130'),
('c94366678', 'login', 318, '2021-06-08 00:05:04', '25.46.2.130'),
('c94366678', 'login', 319, '2021-06-08 00:07:14', '25.46.2.130'),
('c94366678', 'login', 320, '2021-06-08 00:15:01', '25.46.2.130'),
('c94366678', 'login', 321, '2021-06-08 00:19:13', '25.46.2.130'),
('c94366678', 'login', 322, '2021-06-08 00:21:36', '25.46.2.130'),
('c94366678', 'login', 323, '2021-06-08 00:31:18', '25.46.2.130'),
('c94366678', 'login', 324, '2021-06-08 00:33:38', '25.46.2.130'),
('c94366678', 'login', 325, '2021-06-08 00:47:49', '25.46.2.130'),
('c94366678', 'login', 326, '2021-06-08 00:52:11', '25.46.2.130'),
('c94366678', 'login', 327, '2021-06-08 00:59:25', '25.46.2.130'),
('c94366678', 'login', 328, '2021-06-08 01:08:48', '25.46.2.130'),
('c94366678', 'login', 329, '2021-06-08 01:12:15', '25.46.2.130'),
('c94366678', 'login', 330, '2021-06-08 01:13:52', '25.46.2.130'),
('c33698837', 'c33698837 has been register to be a new user', 331, '2021-06-08 01:17:36', '25.46.2.130'),
('c33698837', 'login', 332, '2021-06-08 01:17:52', '25.46.2.130'),
('c94366678', 'login', 333, '2021-06-08 01:27:38', '25.46.2.130'),
('c94366678', 'login', 334, '2021-06-08 01:29:22', '25.46.2.130'),
('c94366678', 'Edit Account Information', 335, '2021-06-08 01:29:27', '25.46.2.130'),
('c94366678', 'Edit Account Information', 336, '2021-06-08 01:29:30', '25.46.2.130'),
('c94366678', 'login', 337, '2021-06-08 13:58:00', '25.46.2.130'),
('c94366678', 'Edit Account Information', 338, '2021-06-08 13:58:32', '25.46.2.130'),
('c94366678', 'Edit Account Information', 339, '2021-06-08 13:58:36', '25.46.2.130'),
('c94366678', 'login', 340, '2021-06-08 14:02:24', '25.46.2.130'),
('c94366678', 'Edit Account Information', 341, '2021-06-08 14:02:33', '25.46.2.130'),
('c94366678', 'login', 342, '2021-06-08 14:07:15', '25.46.2.130'),
('c94366678', 'Edit Account Information', 343, '2021-06-08 14:07:42', '25.46.2.130'),
('c292439988', 'c292439988 has been register to be a new user', 344, '2021-06-08 14:37:35', '25.46.2.130'),
('peter5555', 'login(Staff)', 345, '2021-06-08 14:37:59', '25.46.2.130'),
('peter1234', 'login(Staff)', 346, '2021-06-08 14:39:17', '25.46.2.130'),
('peter1234', 'login(Staff)', 347, '2021-06-08 14:41:23', '25.46.2.130'),
('peter1234', 'login(Staff)', 348, '2021-06-08 14:48:38', '25.46.2.130'),
('peter5555', 'login(Staff)', 349, '2021-06-08 14:49:24', '25.46.2.130'),
('c94366678', 'login', 350, '2021-06-08 14:54:19', '25.46.2.130'),
('c94366678', 'login', 351, '2021-06-08 14:58:13', '25.46.2.130'),
('c94366678', 'login', 352, '2021-06-08 14:59:32', '25.46.2.130'),
('c94366678', 'login', 353, '2021-06-08 15:09:24', '25.46.2.130'),
('c94366678', 'login', 354, '2021-06-08 15:13:08', '25.46.2.130'),
('c94366678', 'login', 355, '2021-06-08 15:15:37', '25.46.2.130'),
('c94366678', 'login', 356, '2021-06-08 15:16:53', '25.46.2.130'),
('c94366678', 'login', 357, '2021-06-08 15:19:14', '25.46.2.130'),
('c94366678', 'login', 358, '2021-06-08 15:21:59', '25.46.2.130'),
('c94366678', 'Do Payment', 359, '2021-06-08 15:22:43', '25.46.2.130'),
('c94366678', 'login', 360, '2021-06-08 17:17:12', '25.46.2.130'),
('c94366678', 'login', 361, '2021-06-08 17:20:32', '25.46.2.130'),
('c94366678', 'login', 362, '2021-06-08 17:26:16', '25.46.2.130'),
('c94366678', 'login', 363, '2021-06-08 17:33:23', '25.46.2.130'),
('c94366678', 'login', 364, '2021-06-08 17:34:51', '25.46.2.130'),
('c94366678', 'login', 365, '2021-06-08 17:41:28', '25.46.2.130'),
('peter1234', 'login(Staff)', 366, '2021-06-08 17:42:25', '25.46.2.130'),
('peter5555', 'login(Staff)', 367, '2021-06-08 17:44:19', '25.46.2.130'),
('peter5555', 'login(Staff)', 368, '2021-06-08 17:55:58', '25.46.2.130'),
('c94366678', 'login', 369, '2021-06-08 17:57:46', '25.46.2.130'),
('c94366678', 'login', 370, '2021-06-09 22:15:08', '25.46.2.130'),
('peter1234', 'login(Staff)', 371, '2021-06-09 23:02:25', '25.46.2.130'),
('peter5555', 'login(Staff)', 372, '2021-06-09 23:38:06', '25.46.2.130'),
('peter5555', 'login(Staff)', 373, '2021-06-09 23:39:09', '25.46.2.130'),
('peter5555', 'login(Staff)', 374, '2021-06-09 23:42:22', '25.46.2.130'),
('peter5555', 'login(Staff)', 375, '2021-06-09 23:43:01', '25.46.2.130'),
('peter5555', 'login(Staff)', 376, '2021-06-09 23:44:55', '25.46.2.130'),
('peter5555', 'login(Staff)', 377, '2021-06-09 23:46:10', '25.46.2.130'),
('peter5555', 'login(Staff)', 378, '2021-06-09 23:55:29', '25.46.2.130'),
('peter5555', 'login(Staff)', 379, '2021-06-09 23:56:03', '25.46.2.130'),
('peter5555', 'login(Staff)', 380, '2021-06-09 23:58:13', '25.46.2.130'),
('peter5555', 'login(Staff)', 381, '2021-06-09 23:59:49', '25.46.2.130'),
('peter5555', 'login(Staff)', 382, '2021-06-10 00:04:09', '25.46.2.130'),
('peter5555', 'login(Staff)', 383, '2021-06-10 00:07:59', '25.46.2.130'),
('peter5555', 'login(Staff)', 384, '2021-06-10 00:11:45', '25.46.2.130'),
('peter5555', 'login(Staff)', 385, '2021-06-10 00:14:23', '25.46.2.130'),
('peter5555', 'login(Staff)', 386, '2021-06-10 00:15:36', '25.46.2.130'),
('peter5555', 'login(Staff)', 387, '2021-06-10 00:18:22', '25.46.2.130'),
('peter5555', 'login(Staff)', 388, '2021-06-10 00:25:24', '25.46.2.130'),
('peter5555', 'login(Staff)', 389, '2021-06-10 00:28:44', '25.46.2.130'),
('peter5555', 'login(Staff)', 390, '2021-06-10 00:43:10', '25.46.2.130'),
('c94366678', 'login', 391, '2021-06-10 17:46:50', '25.46.2.130'),
('c94366678', 'login', 392, '2021-06-10 17:52:50', '25.46.2.130'),
('c824929356', 'c824929356 has been register to be a new user', 393, '2021-06-10 19:14:22', '25.46.2.130'),
('c707487878', 'c707487878 has been register to be a new user', 394, '2021-06-10 20:45:03', '25.46.2.130'),
('c707487878', 'login', 395, '2021-06-10 20:45:18', '25.46.2.130'),
('c707487878', 'login', 396, '2021-06-10 20:57:36', '25.46.2.130'),
('c707487878', 'login', 397, '2021-06-10 21:06:00', '25.46.2.130'),
('c707487878', 'login', 398, '2021-06-10 21:07:15', '25.46.2.130'),
('c707487878', 'c707487878 reset the password ', 399, '2021-06-10 21:07:24', '25.46.2.130'),
('c33698837', 'yuk2268@yahoo.com.hk got reset password code ', 400, '2021-06-10 21:12:17', '25.46.2.130'),
('c33698837', 'yuk2269@yahoo.com.hk got reset password code ', 401, '2021-06-10 21:12:42', '25.46.2.130'),
('c33698837', 'yuk2269@yahoo.com.hk got reset password code ', 402, '2021-06-10 21:13:52', '25.46.2.130'),
('c707487878', 'login', 403, '2021-06-10 21:15:01', '25.46.2.130'),
('c33698837', 'yuk2269@yahoo.com.hk got reset password code ', 404, '2021-06-10 21:32:43', '25.46.2.130'),
('c707487878', 'login', 405, '2021-06-10 21:33:49', '25.46.2.130'),
('c707487878', 'c707487878 reset the password ', 406, '2021-06-10 21:34:26', '25.46.2.130'),
('c707487878', 'login', 407, '2021-06-10 21:36:51', '25.46.2.130'),
('c707487878', 'c707487878 reset the password ', 408, '2021-06-10 21:37:16', '25.46.2.130'),
('c33698837', 'yuk2269@yahoo.com.hk got reset password code ', 409, '2021-06-10 21:38:34', '25.46.2.130'),
('c33698837', 'c33698837 reset the password ', 410, '2021-06-10 21:38:52', '25.46.2.130'),
('c33698837', 'yuk2269@yahoo.com.hk got reset password code ', 411, '2021-06-10 21:40:22', '25.46.2.130'),
('c33698837', 'c33698837 reset the password ', 412, '2021-06-10 21:40:46', '25.46.2.130'),
('c707487878', 'login', 413, '2021-06-10 21:40:56', '25.46.2.130'),
('c33698837', 'c33698837 reset the password ', 414, '2021-06-10 21:41:09', '25.46.2.130'),
('c707487878', 'login', 415, '2021-06-10 21:46:41', '25.46.2.130'),
('c707487878', 'login', 416, '2021-06-10 21:53:08', '25.46.2.130'),
('c94366678', 'login', 417, '2021-06-10 21:53:25', '25.46.2.130'),
('c707487878', 'login', 418, '2021-06-10 21:55:05', '25.46.2.130'),
('c707487878', 'login', 419, '2021-06-10 21:56:12', '25.46.2.130'),
('c707487878', 'login', 420, '2021-06-10 22:06:07', '25.46.2.130'),
('c707487878', 'login', 421, '2021-06-10 22:12:19', '25.46.2.130'),
('c707487878', 'login', 422, '2021-06-10 22:15:30', '25.46.2.130'),
('c707487878', 'login', 423, '2021-06-10 22:22:57', '25.46.2.130'),
('c94366678', 'login', 424, '2021-06-10 22:23:16', '25.46.2.130'),
('c707487878', 'login', 425, '2021-06-10 22:34:03', '25.46.2.130'),
('c707487878', 'login', 426, '2021-06-10 22:43:46', '25.46.2.130'),
('c707487878', 'login', 427, '2021-06-10 22:44:38', '25.46.2.130'),
('c94366678', 'login', 428, '2021-06-10 22:44:50', '25.46.2.130'),
('c94366678', 'login', 429, '2021-06-10 22:47:34', '25.46.2.130'),
('c707487878', 'login', 430, '2021-06-10 22:50:22', '25.46.2.130'),
('c94366678', 'login', 431, '2021-06-10 22:55:01', '25.46.2.130'),
('c707487878', 'login', 432, '2021-06-10 22:55:18', '25.46.2.130'),
('c707487878', 'login', 433, '2021-06-10 22:56:13', '25.46.2.130'),
('c707487878', 'login', 434, '2021-06-10 22:56:53', '25.46.2.130'),
('c707487878', 'login', 435, '2021-06-10 22:57:28', '25.46.2.130'),
('c707487878', 'login', 436, '2021-06-10 23:00:20', '25.46.2.130'),
('c707487878', 'c707487878 reset the password ', 437, '2021-06-10 23:00:35', '25.46.2.130'),
('c94366678', 'login', 438, '2021-06-10 23:05:10', '25.46.2.130'),
('c707487878', 'login', 439, '2021-06-10 23:05:21', '25.46.2.130'),
('c94366678', 'login', 440, '2021-06-10 23:07:59', '25.46.2.130'),
('c707487878', 'login', 441, '2021-06-10 23:08:33', '25.46.2.130'),
('c94366678', 'login', 442, '2021-06-10 23:10:06', '25.46.2.130'),
('c707487878', 'login', 443, '2021-06-10 23:11:02', '25.46.2.130'),
('c94366678', 'login', 444, '2021-06-10 23:11:15', '25.46.2.130'),
('c707487878', 'login', 445, '2021-06-11 15:20:38', '192.168.1.18'),
('c707487878', 'login', 446, '2021-06-11 15:23:11', '192.168.1.18'),
('c707487878', 'login', 447, '2021-06-11 15:25:48', '192.168.1.18'),
('c707487878', 'login', 448, '2021-06-11 15:27:22', '192.168.1.18'),
('c707487878', 'login', 449, '2021-06-11 15:29:05', '192.168.1.18'),
('peter123', 'login(Staff)', 450, '2021-06-11 15:32:22', '192.168.1.18'),
('peter123', 'login(Staff)', 451, '2021-06-11 15:33:26', '192.168.1.18'),
('peter123', 'login(Staff)', 452, '2021-06-11 15:35:15', '192.168.1.18'),
('peter123', 'login(Staff)', 453, '2021-06-11 15:36:02', '192.168.1.18'),
('S123546987', 'login(Staff)', 454, '2021-06-11 15:48:00', '192.168.1.18'),
('S123546987', 'login(Staff)', 455, '2021-06-11 15:49:08', '192.168.1.18'),
('S123546987', 'login(Staff)', 456, '2021-06-11 15:49:55', '192.168.1.18'),
('S123546987', 'login(Staff)', 457, '2021-06-11 15:50:50', '192.168.1.18'),
('c861211927', 'c861211927 has been register to be a new user', 458, '2021-06-11 15:54:46', '192.168.1.18'),
('c861211927', 'login', 459, '2021-06-11 15:54:56', '192.168.1.18'),
('c861211927', 'c861211927 reset the password ', 460, '2021-06-11 15:58:18', '192.168.1.18'),
('c861211927', 'login', 461, '2021-06-11 15:58:33', '192.168.1.18'),
('c861211927', 'Edit Account Information', 462, '2021-06-11 15:58:56', '192.168.1.18'),
('c861211927', 'login', 463, '2021-06-11 16:00:50', '192.168.1.18'),
('S123546987', 'login(Staff)', 464, '2021-06-11 16:04:36', '192.168.1.18'),
('c861211927', 'login', 465, '2021-06-11 16:07:02', '192.168.1.18'),
('c861211927', 'login', 466, '2021-06-11 16:07:59', '192.168.1.18'),
('c861211927', 'login', 467, '2021-06-11 16:09:34', '192.168.1.18'),
('c861211927', 'login', 468, '2021-06-11 16:10:03', '192.168.1.18'),
('c861211927', 'login', 469, '2021-06-11 16:10:47', '192.168.1.18'),
('c861211927', 'login', 470, '2021-06-11 16:11:04', '192.168.1.18'),
('S123546987', 'login(Staff)', 471, '2021-06-16 16:09:30', '192.168.1.18'),
('c861211927', 'login', 472, '2021-06-16 16:10:01', '192.168.1.18'),
('S123546987', 'login(Staff)', 473, '2021-06-16 16:22:11', '192.168.1.18'),
('c838006610', 'c838006610 has been register to be a new user', 474, '2021-06-16 16:27:48', '192.168.1.18'),
('c838006610', 'login', 475, '2021-06-16 16:28:05', '192.168.1.18'),
('S123546987', 'login(Staff)', 476, '2021-06-16 16:33:19', '192.168.1.18'),
('S123546987', 'login(Staff)', 477, '2021-06-16 16:35:36', '192.168.1.18'),
('c838006610', 'login', 478, '2021-06-16 16:43:08', '192.168.1.18'),
('c838006610', 'login', 479, '2021-06-16 16:44:26', '192.168.1.18'),
('c861211927', 'login', 480, '2021-06-16 16:44:52', '192.168.1.18'),
('c861211927', 'c861211927 reset the password ', 481, '2021-06-16 16:48:07', '192.168.1.18'),
('c838006610', 'tmw9151@gmail.com got reset password code ', 482, '2021-06-16 16:48:24', '192.168.1.18'),
('c838006610', 'c838006610 reset the password ', 483, '2021-06-16 16:48:48', '192.168.1.18'),
('c838006610', 'login', 484, '2021-06-16 16:48:58', '192.168.1.18'),
('peter5555', 'login(Staff)', 485, '2021-06-16 16:49:19', '192.168.1.18'),
('peter5555', 'Edit staff account (peter123) information', 486, '2021-06-16 16:50:29', '192.168.1.18'),
('peter5555', 'create a new staff account', 487, '2021-06-16 16:51:09', '192.168.1.18'),
('c838006610', 'login', 488, '2021-06-16 16:53:13', '192.168.1.18'),
('c861211927', 'login', 489, '2021-06-16 16:55:07', '192.168.1.18'),
('c94366678', 'login', 490, '2021-06-16 16:55:24', '192.168.1.18'),
('c94366678', 'Do Payment', 491, '2021-06-16 16:56:20', '192.168.1.18'),
('c838006610', 'login', 492, '2021-06-16 17:49:57', '192.168.1.18'),
('c861211927', 'login', 493, '2021-06-25 21:20:46', '192.168.1.18'),
('c861211927', 'login', 494, '2021-06-26 19:17:22', '192.168.1.18'),
('c861211927', 'login', 495, '2021-06-26 19:19:01', '192.168.1.18'),
('c861211927', 'login', 496, '2021-06-26 19:20:21', '192.168.1.18'),
('c861211927', 'login', 497, '2021-06-26 19:25:14', '192.168.1.18'),
('c861211927', 'login', 498, '2021-06-26 19:26:33', '192.168.1.18'),
('c861211927', 'login', 499, '2021-06-26 19:28:23', '192.168.1.18'),
('c861211927', 'login', 500, '2021-06-26 21:25:57', '192.168.1.18'),
('c861211927', 'login', 501, '2021-06-26 21:27:00', '192.168.1.18'),
('c861211927', 'login', 502, '2021-06-27 00:45:53', '192.168.1.18'),
('c861211927', 'login', 503, '2021-06-27 00:56:34', '192.168.1.18'),
('c861211927', 'login', 504, '2021-06-27 01:05:21', '192.168.1.18'),
('c861211927', 'login', 505, '2021-06-27 01:10:26', '192.168.1.18'),
('c861211927', 'login', 506, '2021-06-27 01:17:34', '192.168.1.18'),
('c861211927', 'login', 507, '2021-06-27 01:18:52', '192.168.1.18'),
('c861211927', 'login', 508, '2021-06-27 01:39:31', '192.168.1.18'),
('c861211927', 'login', 509, '2021-06-27 01:46:41', '192.168.1.18'),
('c861211927', 'login', 510, '2021-06-27 01:50:53', '192.168.1.18'),
('c861211927', 'login', 511, '2021-06-27 17:25:39', '192.168.1.18'),
('c861211927', 'login', 512, '2021-06-27 17:29:23', '192.168.1.18'),
('c861211927', 'login', 513, '2021-06-27 19:22:36', '192.168.1.18'),
('c778825698', 'c778825698 has been register to be a new user', 514, '2021-06-27 23:57:41', '192.168.1.18'),
('c778825698', 'login', 515, '2021-06-27 23:57:49', '192.168.1.18'),
('c778825698', 'login', 516, '2021-06-27 23:59:15', '192.168.1.18'),
('c778825698', 'login', 517, '2021-06-28 00:16:08', '192.168.1.18'),
('c778825698', 'login', 518, '2021-06-28 00:17:55', '192.168.1.18'),
('c778825698', 'login', 519, '2021-06-28 00:23:45', '192.168.1.18'),
('c778825698', 'login', 520, '2021-06-28 00:36:52', '192.168.1.18'),
('c778825698', 'login', 521, '2021-06-28 00:39:11', '192.168.1.18'),
('c778825698', 'login', 522, '2021-06-28 00:44:42', '192.168.1.18'),
('c778825698', 'login', 523, '2021-06-28 00:46:46', '192.168.1.18'),
('c778825698', 'login', 524, '2021-06-28 00:49:28', '192.168.1.18'),
('c778825698', 'login', 525, '2021-06-28 00:50:20', '192.168.1.18'),
('c778825698', 'login', 526, '2021-06-28 00:51:14', '192.168.1.18'),
('c778825698', 'login', 527, '2021-06-28 15:25:15', '192.168.1.18'),
('S123546987', 'login(Staff)', 528, '2021-06-28 15:26:27', '192.168.1.18'),
('S123546987', 'login(Staff)', 529, '2021-06-28 15:30:41', '192.168.1.18'),
('c778825698', 'login', 530, '2021-06-28 15:32:30', '192.168.1.18'),
('c778825698', 'login', 531, '2021-06-28 15:33:46', '192.168.1.18'),
('c778825698', 'login', 532, '2021-06-28 15:35:16', '192.168.1.18'),
('c778825698', 'login', 533, '2021-06-28 15:39:55', '192.168.1.18'),
('c778825698', 'login', 534, '2021-06-28 15:47:15', '192.168.1.18'),
('c778825698', 'login', 535, '2021-06-28 19:02:14', '192.168.1.18'),
('c778825698', 'login', 536, '2021-06-28 19:02:56', '192.168.1.18'),
('c778825698', 'login', 537, '2021-06-28 19:05:04', '192.168.1.18'),
('c778825698', 'login', 538, '2021-06-28 19:20:23', '192.168.1.18'),
('c778825698', 'login', 539, '2021-06-28 19:21:31', '192.168.1.18'),
('c778825698', 'login', 540, '2021-06-28 19:22:07', '192.168.1.18'),
('c778825698', 'login', 541, '2021-06-28 19:22:45', '192.168.1.18'),
('c778825698', 'login', 542, '2021-06-28 19:23:11', '192.168.1.18'),
('c778825698', 'login', 543, '2021-06-28 19:25:02', '192.168.1.18'),
('c778825698', 'login', 544, '2021-06-28 19:25:48', '192.168.1.18'),
('c778825698', 'login', 545, '2021-06-28 19:27:25', '192.168.1.18'),
('c778825698', 'login', 546, '2021-06-28 19:29:02', '192.168.1.18'),
('c778825698', 'login', 547, '2021-06-28 19:30:04', '192.168.1.18'),
('c778825698', 'login', 548, '2021-06-28 19:30:21', '192.168.1.18'),
('c778825698', 'login', 549, '2021-06-28 19:36:06', '192.168.1.18'),
('c778825698', 'login', 550, '2021-06-28 19:36:35', '192.168.1.18'),
('c778825698', 'login', 551, '2021-06-28 19:40:14', '192.168.1.18'),
('c778825698', 'login', 552, '2021-06-28 19:42:21', '192.168.1.18'),
('c778825698', 'login', 553, '2021-06-28 19:43:29', '192.168.1.18'),
('c778825698', 'login', 554, '2021-06-28 19:44:53', '192.168.1.18'),
('c778825698', 'login', 555, '2021-06-28 19:45:42', '192.168.1.18'),
('c778825698', 'login', 556, '2021-06-28 19:45:59', '192.168.1.18'),
('c778825698', 'login', 557, '2021-06-28 19:46:14', '192.168.1.18'),
('c778825698', 'login', 558, '2021-06-28 19:47:59', '192.168.1.18'),
('c778825698', 'login', 559, '2021-06-28 19:48:46', '192.168.1.18'),
('c778825698', 'login', 560, '2021-06-28 19:50:01', '192.168.1.18'),
('c778825698', 'login', 561, '2021-06-28 19:52:14', '192.168.1.18'),
('c778825698', 'login', 562, '2021-06-28 19:54:30', '192.168.1.18'),
('c778825698', 'login', 563, '2021-06-28 19:54:57', '192.168.1.18'),
('c778825698', 'login', 564, '2021-06-28 19:56:01', '192.168.1.18'),
('c778825698', 'login', 565, '2021-06-28 19:58:11', '192.168.1.18'),
('c778825698', 'login', 566, '2021-06-28 19:58:59', '192.168.1.18'),
('c778825698', 'login', 567, '2021-06-28 19:59:58', '192.168.1.18'),
('c778825698', 'login', 568, '2021-06-28 20:07:56', '192.168.1.18'),
('c778825698', 'login', 569, '2021-06-28 20:08:14', '192.168.1.18'),
('c778825698', 'login', 570, '2021-06-28 20:10:15', '192.168.1.18'),
('c778825698', 'login', 571, '2021-06-28 20:12:48', '192.168.1.18'),
('c778825698', 'login', 572, '2021-06-28 20:13:17', '192.168.1.18'),
('c778825698', 'login', 573, '2021-06-29 15:57:10', '192.168.1.18'),
('c778825698', 'login', 574, '2021-06-29 18:32:39', '192.168.1.18'),
('c778825698', 'login', 575, '2021-06-29 18:43:57', '192.168.1.18'),
('c778825698', 'login', 576, '2021-06-29 18:45:01', '192.168.1.18'),
('c778825698', 'login', 577, '2021-06-29 18:53:50', '192.168.1.18'),
('c778825698', 'login', 578, '2021-06-29 19:02:37', '192.168.1.18'),
('c778825698', 'login', 579, '2021-06-29 19:13:10', '192.168.1.18'),
('c778825698', 'login', 580, '2021-06-29 19:27:32', '192.168.1.18'),
('c778825698', 'login', 581, '2021-06-29 19:40:44', '192.168.1.18'),
('c778825698', 'login', 582, '2021-06-29 19:41:46', '192.168.1.18'),
('c778825698', 'login', 583, '2021-06-29 19:42:10', '192.168.1.18'),
('c778825698', 'login', 584, '2021-06-29 19:43:00', '192.168.1.18'),
('c778825698', 'login', 585, '2021-06-29 19:43:23', '192.168.1.18'),
('c778825698', 'login', 586, '2021-06-29 20:05:18', '192.168.1.18'),
('c778825698', 'login', 587, '2021-06-29 20:06:19', '192.168.1.18'),
('c778825698', 'login', 588, '2021-06-29 20:09:21', '192.168.1.18'),
('c778825698', 'login', 589, '2021-06-29 20:10:27', '192.168.1.18'),
('c778825698', 'login', 590, '2021-06-29 20:11:43', '192.168.1.18'),
('c778825698', 'login', 591, '2021-06-29 20:14:23', '192.168.1.18'),
('c778825698', 'login', 592, '2021-06-29 20:18:10', '192.168.1.18'),
('c778825698', 'login', 593, '2021-06-29 20:20:33', '192.168.1.18'),
('c778825698', 'login', 594, '2021-06-29 20:20:56', '192.168.1.18'),
('c778825698', 'login', 595, '2021-06-29 20:22:34', '192.168.1.18'),
('c778825698', 'login', 596, '2021-06-29 20:23:01', '192.168.1.18'),
('c778825698', 'login', 597, '2021-06-29 20:24:10', '192.168.1.18'),
('c778825698', 'login', 598, '2021-06-29 20:25:01', '192.168.1.18'),
('c778825698', 'login', 599, '2021-06-29 21:21:51', '192.168.1.18'),
('c778825698', 'login', 600, '2021-06-29 21:23:39', '192.168.1.18'),
('c778825698', 'login', 601, '2021-06-29 21:25:01', '192.168.1.18'),
('c778825698', 'login', 602, '2021-06-29 21:34:01', '192.168.1.18'),
('c778825698', 'login', 603, '2021-06-29 21:35:51', '192.168.1.18'),
('c778825698', 'login', 604, '2021-06-29 23:28:47', '192.168.1.18'),
('c778825698', 'login', 605, '2021-06-29 23:41:27', '192.168.1.18'),
('c778825698', 'login', 606, '2021-06-29 23:44:14', '192.168.1.18'),
('c778825698', 'login', 607, '2021-06-29 23:47:14', '192.168.1.18'),
('c778825698', 'login', 608, '2021-06-29 23:48:24', '192.168.1.18'),
('c778825698', 'login', 609, '2021-06-30 00:18:00', '192.168.1.18'),
('c778825698', 'login', 610, '2021-06-30 01:00:28', '192.168.1.18'),
('c778825698', 'login', 611, '2021-06-30 01:01:18', '192.168.1.18'),
('c778825698', 'login', 612, '2021-06-30 01:01:43', '192.168.1.18'),
('c778825698', 'login', 613, '2021-06-30 01:39:01', '192.168.1.18'),
('c778825698', 'login', 614, '2021-06-30 10:24:32', '192.168.1.18'),
('c778825698', 'login', 615, '2021-06-30 10:28:50', '192.168.1.18'),
('c778825698', 'login', 616, '2021-06-30 10:30:58', '192.168.1.18'),
('c778825698', 'login', 617, '2021-06-30 10:32:50', '192.168.1.18'),
('c778825698', 'login', 618, '2021-06-30 10:39:00', '192.168.1.18'),
('c778825698', 'login', 619, '2021-06-30 10:50:40', '192.168.1.18'),
('c778825698', 'login', 620, '2021-06-30 11:00:15', '192.168.1.18'),
('c778825698', 'login', 621, '2021-06-30 11:02:26', '192.168.1.18'),
('c778825698', 'login', 622, '2021-06-30 11:05:07', '192.168.1.18'),
('c778825698', 'login', 623, '2021-06-30 11:35:40', '192.168.1.18'),
('c778825698', 'login', 624, '2021-06-30 11:36:50', '192.168.1.18'),
('c778825698', 'login', 625, '2021-06-30 15:17:11', '192.168.1.18'),
('c778825698', 'login', 626, '2021-06-30 15:44:38', '192.168.1.18'),
('c778825698', 'login', 627, '2021-06-30 15:46:01', '192.168.1.18'),
('c778825698', 'login', 628, '2021-06-30 15:46:48', '192.168.1.18'),
('c778825698', 'login', 629, '2021-06-30 15:47:26', '192.168.1.18'),
('c778825698', 'login', 630, '2021-06-30 15:48:10', '192.168.1.18'),
('c778825698', 'login', 631, '2021-06-30 15:49:29', '192.168.1.18'),
('c778825698', 'login', 632, '2021-06-30 15:50:16', '192.168.1.18'),
('c778825698', 'login', 633, '2021-06-30 15:51:01', '192.168.1.18'),
('c778825698', 'login', 634, '2021-06-30 15:51:56', '192.168.1.18'),
('peter5555', 'login(Staff)', 635, '2021-06-30 15:55:47', '192.168.1.18'),
('c778825698', 'login', 636, '2021-06-30 16:14:33', '192.168.1.18'),
('s630150761', 'login(Staff)', 637, '2021-06-30 19:44:04', '192.168.1.18'),
('c778825698', 'login', 638, '2021-06-30 19:56:33', '192.168.1.18'),
('c778825698', 'login', 639, '2021-06-30 20:01:56', '192.168.1.18'),
('c778825698', 'login', 640, '2021-06-30 20:07:47', '192.168.1.18'),
('c778825698', 'login', 641, '2021-06-30 20:09:50', '192.168.1.18'),
('c778825698', 'login', 642, '2021-06-30 20:11:49', '192.168.1.18'),
('c778825698', 'login', 643, '2021-06-30 20:17:51', '192.168.1.18'),
('c778825698', 'login', 644, '2021-06-30 20:28:15', '192.168.1.18'),
('c778825698', 'login', 645, '2021-06-30 20:31:24', '192.168.1.18'),
('c778825698', 'login', 646, '2021-06-30 20:33:11', '192.168.1.18'),
('c778825698', 'login', 647, '2021-06-30 20:35:48', '192.168.1.18'),
('c778825698', 'login', 648, '2021-06-30 20:39:50', '192.168.1.18'),
('c778825698', 'login', 649, '2021-06-30 20:40:36', '192.168.1.18'),
('c778825698', 'login', 650, '2021-06-30 21:43:06', '192.168.1.18'),
('S123546987', 'login(Staff)', 651, '2021-06-30 21:44:46', '192.168.1.18'),
('peter123', 'login(Staff)', 652, '2021-06-30 21:57:58', '192.168.1.18'),
('peter123', 'login(Staff)', 653, '2021-06-30 21:58:31', '192.168.1.18'),
('S123546987', 'login(Staff)', 654, '2021-06-30 22:22:10', '192.168.1.18'),
('S123546987', 'login(Staff)', 655, '2021-06-30 22:24:02', '192.168.1.18'),
('S123546987', 'login(Staff)', 656, '2021-06-30 22:28:09', '192.168.1.18'),
('S123546987', 'login(Staff)', 657, '2021-06-30 22:29:26', '192.168.1.18'),
('c778825698', 'login', 658, '2021-07-01 00:50:26', '192.168.1.18'),
('c778825698', 'login', 659, '2021-07-01 00:51:18', '192.168.1.18'),
('c778825698', 'login', 660, '2021-07-01 00:51:48', '192.168.1.18'),
('c778825698', 'login', 661, '2021-07-01 00:53:46', '192.168.1.18'),
('c778825698', 'login', 662, '2021-07-01 00:55:52', '192.168.1.18'),
('c778825698', 'login', 663, '2021-07-01 00:56:11', '192.168.1.18'),
('c778825698', 'login', 664, '2021-07-01 00:56:32', '192.168.1.18'),
('c778825698', 'login', 665, '2021-07-01 00:56:51', '192.168.1.18'),
('c778825698', 'login', 666, '2021-07-01 00:57:20', '192.168.1.18'),
('c778825698', 'login', 667, '2021-07-01 01:13:26', '192.168.1.18'),
('c778825698', 'login', 668, '2021-07-01 01:15:04', '192.168.1.18'),
('c778825698', 'login', 669, '2021-07-01 01:15:48', '192.168.1.18'),
('c778825698', 'login', 670, '2021-07-01 01:34:24', '192.168.1.18'),
('c778825698', 'login', 671, '2021-07-01 01:35:11', '192.168.1.18'),
('c778825698', 'login', 672, '2021-07-01 12:33:57', '192.168.1.18'),
('c778825698', 'login', 673, '2021-07-01 12:35:08', '192.168.1.18'),
('c778825698', 'login', 674, '2021-07-01 12:36:49', '192.168.1.18'),
('c778825698', 'login', 675, '2021-07-01 12:38:19', '192.168.1.18'),
('peter1234', 'login(Staff)', 676, '2021-07-01 12:43:58', '192.168.1.18'),
('peter123', 'login(Staff)', 677, '2021-07-01 12:44:13', '192.168.1.18'),
('c778825698', 'login', 678, '2021-07-01 12:58:57', '192.168.1.18'),
('c778825698', 'login', 679, '2021-07-01 13:01:09', '192.168.1.18'),
('c778825698', 'login', 680, '2021-07-01 13:02:10', '192.168.1.18'),
('c778825698', 'login', 681, '2021-07-01 13:04:13', '192.168.1.18'),
('c778825698', 'login', 682, '2021-07-01 13:05:01', '192.168.1.18'),
('c778825698', 'login', 683, '2021-07-01 13:09:13', '192.168.1.18'),
('c778825698', 'login', 684, '2021-07-01 13:09:32', '192.168.1.18'),
('c778825698', 'login', 685, '2021-07-01 13:10:11', '192.168.1.18'),
('c778825698', 'login', 686, '2021-07-01 13:12:47', '192.168.1.18'),
('c778825698', 'login', 687, '2021-07-01 13:21:08', '192.168.1.18'),
('c778825698', 'login', 688, '2021-07-01 13:22:34', '192.168.1.18'),
('peter123', 'login(Staff)', 689, '2021-07-01 14:58:46', '192.168.1.18'),
('peter123', 'login(Staff)', 690, '2021-07-01 15:00:25', '192.168.1.18'),
('peter123', 'login(Staff)', 691, '2021-07-01 15:01:52', '192.168.1.18'),
('peter123', 'login(Staff)', 692, '2021-07-01 15:02:17', '192.168.1.18'),
('peter123', 'login(Staff)', 693, '2021-07-01 15:02:40', '192.168.1.18'),
('peter123', 'login(Staff)', 694, '2021-07-01 15:03:08', '192.168.1.18'),
('peter123', 'login(Staff)', 695, '2021-07-01 15:03:26', '192.168.1.18'),
('peter123', 'login(Staff)', 696, '2021-07-01 15:03:47', '192.168.1.18'),
('c778825698', 'login', 697, '2021-07-01 15:07:56', '192.168.1.18'),
('c778825698', 'login', 698, '2021-07-01 15:40:14', '192.168.1.18'),
('c778825698', 'login', 699, '2021-07-01 15:41:00', '192.168.1.18'),
('c778825698', 'login', 700, '2021-07-01 16:12:50', '192.168.1.18'),
('c778825698', 'login', 701, '2021-07-01 16:14:02', '192.168.1.18'),
('c778825698', 'login', 702, '2021-07-01 16:17:30', '192.168.1.18'),
('c778825698', 'login', 703, '2021-07-01 16:26:13', '192.168.1.18'),
('c778825698', 'login', 704, '2021-07-01 16:28:06', '192.168.1.18'),
('c778825698', 'login', 705, '2021-07-01 16:30:25', '192.168.1.18'),
('c778825698', 'login', 706, '2021-07-01 16:45:56', '192.168.1.18'),
('c778825698', 'login', 707, '2021-07-01 16:48:05', '192.168.1.18'),
('c778825698', 'login', 708, '2021-07-01 16:49:47', '192.168.1.18'),
('c778825698', 'login', 709, '2021-07-01 16:53:48', '192.168.1.18'),
('c778825698', 'login', 710, '2021-07-01 17:11:27', '192.168.1.18'),
('c778825698', 'login', 711, '2021-07-01 17:18:47', '192.168.1.18'),
('c778825698', 'login', 712, '2021-07-01 17:45:46', '192.168.1.18'),
('c778825698', 'login', 713, '2021-07-01 17:49:10', '192.168.1.18'),
('c778825698', 'login', 714, '2021-07-01 17:50:27', '192.168.1.18'),
('c778825698', 'login', 715, '2021-07-01 17:51:43', '192.168.1.18'),
('c778825698', 'login', 716, '2021-07-01 18:00:40', '192.168.1.18'),
('S123546987', 'login(Staff)', 717, '2021-07-01 18:15:04', '192.168.1.18'),
('peter123', 'login(Staff)', 718, '2021-07-01 18:22:21', '192.168.1.18'),
('c861843530', 'c861843530 has been register to be a new user', 719, '2021-07-01 18:43:32', '192.168.1.18'),
('c861843530', 'tmw9151@gmail.com got reset password code ', 720, '2021-07-01 18:43:55', '192.168.1.18'),
('c861843530', 'c861843530 reset the password ', 721, '2021-07-01 18:44:27', '192.168.1.18'),
('c861843530', 'login', 722, '2021-07-01 18:44:42', '192.168.1.18'),
('c861843530', 'login', 723, '2021-07-01 18:50:36', '192.168.1.18'),
('c861843530', 'login', 724, '2021-07-01 18:55:45', '192.168.1.18'),
('c861843530', 'login', 725, '2021-07-01 19:03:14', '192.168.1.18'),
('peter123', 'login(Staff)', 726, '2021-07-01 19:08:19', '192.168.1.18'),
('S123546987', 'login(Staff)', 727, '2021-07-01 19:15:25', '192.168.1.18'),
('S123546987', 'login(Staff)', 728, '2021-07-01 19:17:37', '192.168.1.18'),
('S123546987', 'login(Staff)', 729, '2021-07-01 19:22:51', '192.168.1.18'),
('c778825698', 'login', 730, '2021-07-01 19:24:59', '192.168.1.18'),
('S123546987', 'login(Staff)', 731, '2021-07-01 19:26:32', '192.168.1.18'),
('S123546987', 'login(Staff)', 732, '2021-07-01 19:28:36', '192.168.1.18'),
('c861843530', 'login', 733, '2021-07-01 19:29:58', '192.168.1.18'),
('S123546987', 'login(Staff)', 734, '2021-07-01 19:30:54', '192.168.1.18');
INSERT INTO `log` (`accountID`, `actionPerformed`, `logID`, `times`, `ipAddress`) VALUES
('S123546987', 'login(Staff)', 735, '2021-07-01 19:31:45', '192.168.1.18'),
('c861843530', 'login', 736, '2021-07-01 19:32:33', '192.168.1.18'),
('S123546987', 'login(Staff)', 737, '2021-07-01 19:36:25', '192.168.1.18'),
('c861843530', 'login', 738, '2021-07-01 19:57:46', '192.168.1.18'),
('c861843530', 'login', 739, '2021-07-01 20:01:47', '192.168.1.18'),
('c861843530', 'login', 740, '2021-07-01 20:05:08', '192.168.1.18'),
('c861843530', 'login', 741, '2021-07-01 20:06:28', '192.168.1.18'),
('c861843530', 'login', 742, '2021-07-01 20:07:55', '192.168.1.18'),
('c778825698', 'login', 743, '2021-07-01 20:12:21', '192.168.1.18'),
('c778825698', 'login', 744, '2021-07-01 20:23:05', '192.168.1.18'),
('c778825698', 'login', 745, '2021-07-01 20:23:53', '192.168.1.18'),
('c778825698', 'login', 746, '2021-07-01 20:24:28', '192.168.1.18'),
('c778825698', 'login', 747, '2021-07-01 20:24:56', '192.168.1.18'),
('c778825698', 'login', 748, '2021-07-01 20:25:53', '192.168.1.18'),
('c778825698', 'login', 749, '2021-07-01 20:26:27', '192.168.1.18'),
('c778825698', 'login', 750, '2021-07-01 20:27:14', '192.168.1.18'),
('c778825698', 'login', 751, '2021-07-01 20:27:50', '192.168.1.18'),
('c778825698', 'login', 752, '2021-07-01 20:28:19', '192.168.1.18'),
('c778825698', 'login', 753, '2021-07-01 20:30:35', '192.168.1.18'),
('c778825698', 'login', 754, '2021-07-01 20:34:45', '192.168.1.18'),
('c778825698', 'login', 755, '2021-07-01 20:36:18', '192.168.1.18'),
('c778825698', 'login', 756, '2021-07-01 20:37:08', '192.168.1.18'),
('c778825698', 'login', 757, '2021-07-01 20:38:56', '192.168.1.18'),
('c778825698', 'login', 758, '2021-07-01 20:39:55', '192.168.1.18'),
('S123546987', 'login(Staff)', 759, '2021-07-01 21:23:29', '192.168.1.18'),
('c861843530', 'tmw9151@gmail.com got reset password code ', 760, '2021-07-02 01:26:09', '192.168.1.18'),
('c861843530', 'tmw9151@gmail.com got reset password code ', 761, '2021-07-02 01:32:49', '192.168.1.18'),
('c778825698', 'login', 762, '2021-07-02 11:21:04', '192.168.1.18'),
('c778825698', 'login', 763, '2021-07-02 11:33:48', '192.168.1.18'),
('c778825698', 'login', 764, '2021-07-02 11:35:16', '192.168.1.18'),
('c778825698', 'login', 765, '2021-07-02 11:37:02', '192.168.1.18'),
('c778825698', 'login', 766, '2021-07-02 11:38:13', '192.168.1.18'),
('c778825698', 'Do Payment', 767, '2021-07-02 11:39:10', '192.168.1.18'),
('c778825698', 'login', 768, '2021-07-02 12:23:28', '192.168.1.18'),
('peter1234', 'login(Staff)', 769, '2021-07-02 12:50:06', '192.168.1.18'),
('peter1234', 'login(Staff)', 770, '2021-07-02 12:51:11', '192.168.1.18'),
('peter1234', 'login(Staff)', 771, '2021-07-02 12:53:56', '192.168.1.18'),
('c778825698', 'login', 772, '2021-07-02 12:59:33', '192.168.1.18'),
('peter123', 'login(Staff)', 773, '2021-07-02 13:11:57', '192.168.1.18'),
('S123546987', 'login(Staff)', 774, '2021-07-02 13:12:21', '192.168.1.18'),
('s630150761', 'login(Staff)', 775, '2021-07-02 13:12:37', '192.168.1.18'),
('s726072459', 'login(Staff)', 776, '2021-07-02 13:12:58', '192.168.1.18'),
('peter1234', 'login(Staff)', 777, '2021-07-02 13:13:20', '192.168.1.18'),
('peter5555', 'login(Staff)', 778, '2021-07-02 13:13:37', '192.168.1.18'),
('c778825698', 'login', 779, '2021-07-02 13:23:25', '192.168.1.18'),
('s630150761', 'login(Staff)', 780, '2021-07-02 13:48:59', '192.168.1.18'),
('s630150761', 'login(Staff)', 781, '2021-07-02 13:50:16', '192.168.1.18'),
('s630150761', 'login(Staff)', 782, '2021-07-02 13:51:45', '192.168.1.18'),
('s630150761', 'login(Staff)', 783, '2021-07-02 13:52:28', '192.168.1.18'),
('s630150761', 'login(Staff)', 784, '2021-07-02 13:53:30', '192.168.1.18'),
('c778825698', 'login', 785, '2021-07-02 13:55:13', '192.168.1.18'),
('peter123', 'login(Staff)', 786, '2021-07-02 15:19:46', '192.168.1.18'),
('c778825698', 'login', 787, '2021-07-02 15:34:16', '192.168.1.18'),
('c778825698', 'login', 788, '2021-07-02 15:37:10', '192.168.1.18');

-- --------------------------------------------------------

--
-- Table structure for table `package`
--

CREATE TABLE `package` (
  `packageID` varchar(10) NOT NULL,
  `accID` varchar(10) NOT NULL,
  `bookingID` varchar(10) NOT NULL,
  `pkgName` varchar(50) NOT NULL,
  `packageType` varchar(50) NOT NULL,
  `serviceType` varchar(50) NOT NULL,
  `isImport` tinyint(1) NOT NULL,
  `qty` int(11) NOT NULL,
  `unit` varchar(25) NOT NULL,
  `unitValue` double NOT NULL,
  `statusTime` datetime DEFAULT NULL,
  `cusConfirm` tinyint(1) DEFAULT NULL,
  `addrID` varchar(10) DEFAULT NULL,
  `status` varchar(1) DEFAULT NULL,
  `isComplete` int(1) DEFAULT NULL,
  `location` varchar(100) DEFAULT NULL,
  `centreID` varchar(3) DEFAULT NULL,
  `staffID` varchar(10) DEFAULT NULL,
  `remark` varchar(255) DEFAULT NULL,
  `length` double DEFAULT NULL,
  `width` double DEFAULT NULL,
  `height` double DEFAULT NULL,
  `weight` double DEFAULT NULL,
  `expense` double DEFAULT NULL
) ENGINE=InnoDB DEFAULT CHARSET=utf8mb4;

--
-- Dumping data for table `package`
--

INSERT INTO `package` (`packageID`, `accID`, `bookingID`, `pkgName`, `packageType`, `serviceType`, `isImport`, `qty`, `unit`, `unitValue`, `statusTime`, `cusConfirm`, `addrID`, `status`, `isComplete`, `location`, `centreID`, `staffID`, `remark`, `length`, `width`, `height`, `weight`, `expense`) VALUES
('P151187418', 'c778825698', 'B331045536', 'Package03', 'Freight', 'Package Express', 1, 100, '123', 123, '2021-07-01 19:36:43', 0, 'a329839655', '4', 0, 'N/A', 'N/A', 'N/A', 'DANGEOURS...', 10, 10, 10, 1, 100),
('P257280876', 'c778825698', 'B331045536', 'PKG01', 'Freight', 'Worldmail (Printed Master)', 1, 123, '312', 123, '2021-06-30 00:18:28', 0, 'a329839655', '0', 0, 'N/A', 'N/A', 'N/A', '', 30, 30, 3, 2, 30),
('P292788280', 'c861843530', 'B395209362', 'Display Card', 'Freight', 'Package Express', 0, 150, 'Box', 4999, '2021-07-01 19:32:50', 1, 'a718132333', '7', 1, 'Centre', 'N/A', 'N/A', 'REMARK', 90, 20, 10, 300, 18118),
('P412933486', 'c778825698', 'B933455213', 'PACKAGE', 'Freight', 'Worldmail (Printed Master)', 0, 2133, '231', 312, '2021-07-01 16:18:06', 0, 'a329839655', '0', 0, 'N/A', 'N/A', 'N/A', '', NULL, NULL, NULL, NULL, 100),
('P596880050', 'c778825698', 'B331045536', 'PKG02', 'Freight', 'Package Express', 1, 32, '123', 123, '2021-06-30 00:18:31', 0, 'a329839655', '0', 0, 'N/A', 'N/A', 'N/A', '', 10, 10, 10, 5, 150),
('P906810346', 'c778825698', 'B651103373', 'Display Card', 'Freight', 'Package Express', 0, 500, 'Box', 7000, '2021-07-02 11:23:31', 0, 'a329839655', '0', 0, 'N/A', 'N/A', 'N/A', 'FRAGILD: Handle with care', NULL, NULL, NULL, NULL, 100);

-- --------------------------------------------------------

--
-- Table structure for table `paymentrecord`
--

CREATE TABLE `paymentrecord` (
  `paymentID` varchar(10) NOT NULL,
  `accountID` varchar(10) NOT NULL,
  `payDateTime` datetime NOT NULL,
  `payMethod` varchar(20) NOT NULL,
  `cardID` varchar(10) DEFAULT NULL,
  `payValue` double NOT NULL,
  `centreID` varchar(3) DEFAULT NULL,
  `stfID` varchar(10) DEFAULT NULL
) ENGINE=InnoDB DEFAULT CHARSET=utf8mb4;

--
-- Dumping data for table `paymentrecord`
--

INSERT INTO `paymentrecord` (`paymentID`, `accountID`, `payDateTime`, `payMethod`, `cardID`, `payValue`, `centreID`, `stfID`) VALUES
('p678596955', 'c778825698', '2021-07-02 11:39:07', 'Credit Card', 'cardID6785', 300, NULL, NULL);

-- --------------------------------------------------------

--
-- Table structure for table `prealertrecord`
--

CREATE TABLE `prealertrecord` (
  `messageID` int(9) NOT NULL,
  `packageID` varchar(10) NOT NULL,
  `pkgName` varchar(255) NOT NULL,
  `accID` varchar(10) NOT NULL,
  `statusID` int(11) NOT NULL,
  `message` varchar(255) NOT NULL,
  `isRead` int(1) NOT NULL,
  `timeUpdated` datetime NOT NULL
) ENGINE=InnoDB DEFAULT CHARSET=utf8mb4;

--
-- Dumping data for table `prealertrecord`
--

INSERT INTO `prealertrecord` (`messageID`, `packageID`, `pkgName`, `accID`, `statusID`, `message`, `isRead`, `timeUpdated`) VALUES
(1, 'PKG007', 'Glass', 'c778825698', 4, 'Shipment arrived, waiting for pickupLocation: N/A', 1, '0000-00-00 00:00:00'),
(4, 'P292788280', 'Display Card', 'c861843530', 1, 'Waiting for Measure Location: Centre', 0, '2021-07-01 19:16:04'),
(5, 'P292788280', 'Display Card', 'c861843530', 2, 'Waiting for Shipping Location: Centre', 0, '2021-07-01 19:28:06'),
(6, 'P292788280', 'Display Card', 'c861843530', 3, 'Shipping in progress Location: Centre', 0, '2021-07-01 19:28:50'),
(7, 'P151187418', 'Package03', 'c778825698', 1, 'Waiting for Measure Location: N/A', 1, '2021-07-01 19:31:14'),
(8, 'P292788280', 'Display Card', 'c861843530', 6, 'The shipment arrived the destination Location: Centre', 0, '2021-07-01 19:32:13'),
(9, 'P151187418', 'Package03', 'c778825698', 3, 'Shipping in progress Location: N/A', 1, '2021-07-01 19:36:37'),
(10, 'P151187418', 'Package03', 'c778825698', 4, 'Shipment arrived, waiting for pickup Location: N/A', 1, '2021-07-01 19:36:43');

-- --------------------------------------------------------

--
-- Table structure for table `staff`
--

CREATE TABLE `staff` (
  `accountID` varchar(12) NOT NULL,
  `firstName` varchar(50) NOT NULL,
  `lastName` varchar(50) NOT NULL,
  `email` varchar(100) NOT NULL,
  `phoneNo` varchar(20) NOT NULL,
  `password` varchar(20) NOT NULL,
  `jobID` int(11) NOT NULL,
  `centreID` varchar(3) NOT NULL,
  `status` int(11) NOT NULL
) ENGINE=InnoDB DEFAULT CHARSET=utf8mb4;

--
-- Dumping data for table `staff`
--

INSERT INTO `staff` (`accountID`, `firstName`, `lastName`, `email`, `phoneNo`, `password`, `jobID`, `centreID`, `status`) VALUES
('peter123', 'Ng', 'Ming', 'yuk2269@yahoo.com.hk', '12345678', '12345678a', 0, '003', 1),
('peter1234', 'Ng', 'MingChak', 'yuk22145@yahoo.com.hk', '21345678', '12345678n', 4, '002', 1),
('peter5555', 'Ng', 'MingChak', 'ede1234@yahoo.com.hk', '12345678', '12345678m', 5, '001', 1),
('S123546987', 'Shipping', 'Clerk', 'shipping1@gmail.com', '12345678', '123456', 1, '001', 1),
('s630150761', 'Clerk', 'Clerk', 'clerk@gmail.com', '12345678', 'As123456!', 2, '001', 1),
('s726072459', 'Ng', 'MingChak', 'ede12345@yahoo.com.hk', '123456789', '12345678nN!', 3, '003', 1);

--
-- Indexes for dumped tables
--

--
-- Indexes for table `addressbook`
--
ALTER TABLE `addressbook`
  ADD PRIMARY KEY (`addressId`);

--
-- Indexes for table `airwaybill`
--
ALTER TABLE `airwaybill`
  ADD PRIMARY KEY (`shippingNo`);

--
-- Indexes for table `bookingorder`
--
ALTER TABLE `bookingorder`
  ADD PRIMARY KEY (`bookingID`);

--
-- Indexes for table `centre`
--
ALTER TABLE `centre`
  ADD PRIMARY KEY (`centreID`);

--
-- Indexes for table `commercialinvoice`
--
ALTER TABLE `commercialinvoice`
  ADD PRIMARY KEY (`invoiceID`);

--
-- Indexes for table `consolidatemonthlyinvoice`
--
ALTER TABLE `consolidatemonthlyinvoice`
  ADD PRIMARY KEY (`invoiceID`);

--
-- Indexes for table `creditcard`
--
ALTER TABLE `creditcard`
  ADD PRIMARY KEY (`cardID`);

--
-- Indexes for table `customer`
--
ALTER TABLE `customer`
  ADD PRIMARY KEY (`accountID`);

--
-- Indexes for table `importinvoice`
--
ALTER TABLE `importinvoice`
  ADD PRIMARY KEY (`invoiceID`);

--
-- Indexes for table `jobtitle`
--
ALTER TABLE `jobtitle`
  ADD PRIMARY KEY (`jobID`);

--
-- Indexes for table `log`
--
ALTER TABLE `log`
  ADD PRIMARY KEY (`logID`);

--
-- Indexes for table `package`
--
ALTER TABLE `package`
  ADD PRIMARY KEY (`packageID`);

--
-- Indexes for table `paymentrecord`
--
ALTER TABLE `paymentrecord`
  ADD PRIMARY KEY (`paymentID`);

--
-- Indexes for table `prealertrecord`
--
ALTER TABLE `prealertrecord`
  ADD PRIMARY KEY (`messageID`);

--
-- Indexes for table `staff`
--
ALTER TABLE `staff`
  ADD PRIMARY KEY (`accountID`);

--
-- AUTO_INCREMENT for dumped tables
--

--
-- AUTO_INCREMENT for table `log`
--
ALTER TABLE `log`
  MODIFY `logID` int(11) NOT NULL AUTO_INCREMENT, AUTO_INCREMENT=789;

--
-- AUTO_INCREMENT for table `prealertrecord`
--
ALTER TABLE `prealertrecord`
  MODIFY `messageID` int(9) NOT NULL AUTO_INCREMENT, AUTO_INCREMENT=11;
COMMIT;

/*!40101 SET CHARACTER_SET_CLIENT=@OLD_CHARACTER_SET_CLIENT */;
/*!40101 SET CHARACTER_SET_RESULTS=@OLD_CHARACTER_SET_RESULTS */;
/*!40101 SET COLLATION_CONNECTION=@OLD_COLLATION_CONNECTION */;
